date, AAPL, MSFT, AMZN, GOOG, META
02/01/2018 16:00:00,43.07,85.95,59.45,53.25,181.42
03/01/2018 16:00:00,43.06,86.35,60.21,54.12,184.67
04/01/2018 16:00:00,43.26,87.11,60.48,54.32,184.33
05/01/2018 16:00:00,43.75,88.19,61.46,55.11,186.85
08/01/2018 16:00:00,43.59,88.28,62.34,55.35,188.28
09/01/2018 16:00:00,43.58,88.22,62.64,55.31,187.87
10/01/2018 16:00:00,43.57,87.82,62.72,55.13,187.84
11/01/2018 16:00:00,43.82,88.08,63.83,55.28,187.77
12/01/2018 16:00:00,44.27,89.6,65.26,56.11,179.37
16/01/2018 16:00:00,44.05,88.35,65.24,56.09,178.39
17/01/2018 16:00:00,44.78,90.14,64.75,56.6,177.6
18/01/2018 16:00:00,44.82,90.1,64.67,56.49,179.8
19/01/2018 16:00:00,44.62,90,64.73,56.88,181.29
22/01/2018 16:00:00,44.25,91.61,66.37,57.79,185.37
23/01/2018 16:00:00,44.26,91.9,68.13,58.5,189.35
24/01/2018 16:00:00,43.56,91.82,67.88,58.21,186.55
25/01/2018 16:00:00,42.78,92.33,68.9,58.52,187.48
26/01/2018 16:00:00,42.88,94.06,70.1,58.79,190
29/01/2018 16:00:00,41.99,93.92,70.88,58.78,185.98
30/01/2018 16:00:00,41.74,92.74,71.89,58.18,187.12
31/01/2018 16:00:00,41.86,95.01,72.54,58.5,186.89
01/02/2018 16:00:00,41.95,94.26,69.5,58.39,193.09
02/02/2018 16:00:00,40.13,91.78,71.5,55.6,190.28
05/02/2018 16:00:00,39.12,88,69.5,52.79,181.26
06/02/2018 16:00:00,40.76,91.33,72.14,54.03,185.31
07/02/2018 16:00:00,39.89,89.61,70.84,52.43,180.18
08/02/2018 16:00:00,38.79,85.01,67.53,50.08,171.58
09/02/2018 16:00:00,39.1,88.18,66.98,51.89,176.11
12/02/2018 16:00:00,40.68,89.13,69.31,52.6,176.41
13/02/2018 16:00:00,41.09,89.83,70.73,52.61,173.15
14/02/2018 16:00:00,41.84,90.81,72.55,53.49,179.52
15/02/2018 16:00:00,43.25,92.66,73.09,54.48,179.96
16/02/2018 16:00:00,43.11,92,72.43,54.74,177.36
20/02/2018 16:00:00,42.96,92.72,73.42,55.12,176.01
21/02/2018 16:00:00,42.77,91.49,74.15,55.57,177.91
22/02/2018 16:00:00,43.13,91.73,74.27,55.33,178.99
23/02/2018 16:00:00,43.88,94.06,75,56.34,183.29
26/02/2018 16:00:00,44.74,95.42,76.1,57.19,184.93
27/02/2018 16:00:00,44.6,94.2,75.6,55.91,181.46
28/02/2018 16:00:00,44.53,93.77,75.62,55.24,178.32
01/03/2018 16:00:00,43.75,92.85,74.67,53.48,175.94
02/03/2018 16:00:00,44.05,93.05,75.01,53.95,176.62
05/03/2018 16:00:00,44.21,93.64,76.18,54.55,180.4
06/03/2018 16:00:00,44.17,93.32,76.88,54.75,179.78
07/03/2018 16:00:00,43.76,93.86,77.25,55.48,183.71
08/03/2018 16:00:00,44.24,94.43,77.59,56.3,182.34
09/03/2018 16:00:00,45,96.54,78.94,58,185.23
12/03/2018 16:00:00,45.43,96.77,79.92,58.23,184.76
13/03/2018 16:00:00,44.99,94.41,79.41,56.91,181.88
14/03/2018 16:00:00,44.61,93.85,79.55,57.47,184.19
15/03/2018 16:00:00,44.66,94.18,79.12,57.48,183.86
16/03/2018 16:00:00,44.51,94.6,78.58,56.79,185.09
19/03/2018 16:00:00,43.83,92.89,77.25,54.99,172.56
20/03/2018 16:00:00,43.81,93.13,79.33,54.89,168.15
21/03/2018 16:00:00,42.82,92.48,79.09,54.54,169.39
22/03/2018 16:00:00,42.21,89.79,77.25,52.45,164.89
23/03/2018 16:00:00,41.24,87.18,74.78,51.08,159.39
26/03/2018 16:00:00,43.19,93.78,77.79,52.66,160.06
27/03/2018 16:00:00,42.09,89.47,74.85,50.26,152.22
28/03/2018 16:00:00,41.62,89.39,71.57,50.23,153.03
29/03/2018 16:00:00,41.95,91.27,72.37,51.59,159.79
02/04/2018 16:00:00,41.67,88.52,68.6,50.32,155.39
03/04/2018 16:00:00,42.1,89.71,69.6,50.67,156.11
04/04/2018 16:00:00,42.9,92.33,70.53,51.26,155.1
05/04/2018 16:00:00,43.2,92.38,72.59,51.39,159.34
06/04/2018 16:00:00,42.1,90.23,70.26,50.35,157.2
09/04/2018 16:00:00,42.51,90.77,70.3,50.77,157.93
10/04/2018 16:00:00,43.31,92.88,71.81,51.58,165.04
11/04/2018 16:00:00,43.11,91.86,71.35,51,166.32
12/04/2018 16:00:00,43.54,93.58,72.43,51.63,163.87
13/04/2018 16:00:00,43.68,93.08,71.54,51.46,164.52
16/04/2018 16:00:00,43.96,94.17,72.08,51.9,164.83
17/04/2018 16:00:00,44.56,96.07,75.19,53.71,168.66
18/04/2018 16:00:00,44.46,96.44,76.39,53.6,166.36
19/04/2018 16:00:00,43.2,96.11,77.85,54.39,168.1
20/04/2018 16:00:00,41.43,95,76.37,53.65,166.28
23/04/2018 16:00:00,41.31,95.35,75.89,53.37,165.84
24/04/2018 16:00:00,40.74,93.12,73,51,159.69
25/04/2018 16:00:00,40.91,92.31,73.01,51.06,159.69
26/04/2018 16:00:00,41.06,94.26,75.9,52,174.16
27/04/2018 16:00:00,40.58,95.82,78.63,51.5,173.59
30/04/2018 16:00:00,41.32,93.52,78.31,50.87,172
01/05/2018 16:00:00,42.28,95,79.11,51.87,173.86
02/05/2018 16:00:00,44.14,93.51,78.48,51.22,176.07
03/05/2018 16:00:00,44.22,94.07,78.6,51.19,174.02
04/05/2018 16:00:00,45.96,95.16,79.05,52.41,176.61
07/05/2018 16:00:00,46.29,96.22,80.01,52.74,177.97
08/05/2018 16:00:00,46.51,95.81,79.62,52.7,178.92
09/05/2018 16:00:00,46.84,96.94,80.4,54.14,182.66
10/05/2018 16:00:00,47.51,97.91,80.45,54.88,185.53
11/05/2018 16:00:00,47.15,97.7,80.15,54.91,186.99
14/05/2018 16:00:00,47.04,98.03,80.08,55.01,186.64
15/05/2018 16:00:00,46.61,97.32,78.81,53.96,184.32
16/05/2018 16:00:00,47.05,97.15,79.36,54.09,183.2
17/05/2018 16:00:00,46.75,96.18,79.09,53.93,183.76
18/05/2018 16:00:00,46.58,96.36,78.72,53.32,182.68
21/05/2018 16:00:00,46.91,97.6,79.27,53.98,184.49
22/05/2018 16:00:00,46.79,97.5,79.07,53.49,183.8
23/05/2018 16:00:00,47.09,98.66,80.09,53.98,186.9
24/05/2018 16:00:00,47.04,98.31,80.15,53.96,185.93
25/05/2018 16:00:00,47.15,98.36,80.51,53.78,184.92
29/05/2018 16:00:00,46.98,98.01,80.64,53.02,185.74
30/05/2018 16:00:00,46.88,98.95,81.24,53.39,187.67
31/05/2018 16:00:00,46.72,98.84,81.48,54.25,191.78
01/06/2018 16:00:00,47.56,100.79,82.08,55.98,193.99
04/06/2018 16:00:00,47.96,101.67,83.26,56.96,193.28
05/06/2018 16:00:00,48.33,102.19,84.82,56.98,192.94
06/06/2018 16:00:00,48.5,102.49,84.79,56.84,191.34
07/06/2018 16:00:00,48.37,100.88,84.47,56.19,188.18
08/06/2018 16:00:00,47.93,101.63,84.2,56.04,189.1
11/06/2018 16:00:00,47.81,101.05,84.46,56.5,191.54
12/06/2018 16:00:00,48.07,101.31,84.94,56.97,192.4
13/06/2018 16:00:00,47.68,100.85,85.24,56.74,192.41
14/06/2018 16:00:00,47.7,101.42,86.19,57.61,196.81
15/06/2018 16:00:00,47.21,100.13,85.8,57.61,195.85
18/06/2018 16:00:00,47.19,100.86,86.19,58.67,198.31
19/06/2018 16:00:00,46.42,100.86,86.74,58.4,197.49
20/06/2018 16:00:00,46.63,101.87,87.5,58.49,202
21/06/2018 16:00:00,46.37,101.14,86.51,57.88,201.5
22/06/2018 16:00:00,46.23,100.41,85.78,57.77,201.74
25/06/2018 16:00:00,45.54,98.39,83.16,56.24,196.35
26/06/2018 16:00:00,46.11,99.08,84.55,55.92,199
27/06/2018 16:00:00,46.04,97.54,83.03,55.2,195.84
28/06/2018 16:00:00,46.38,98.63,85.07,55.71,196.23
29/06/2018 16:00:00,46.28,98.61,84.99,55.78,194.32
02/07/2018 16:00:00,46.8,100.01,85.69,56.37,197.36
03/07/2018 13:00:00,45.98,99.05,84.7,55.14,192.73
05/07/2018 16:00:00,46.35,99.76,84.99,56.21,198.45
06/07/2018 16:00:00,46.99,101.16,85.53,57.01,203.23
09/07/2018 16:00:00,47.65,101.85,86.95,57.7,204.74
10/07/2018 16:00:00,47.59,102.12,87.15,57.64,203.54
11/07/2018 16:00:00,46.97,101.98,87.75,57.7,202.54
12/07/2018 16:00:00,47.76,104.19,89.83,59.17,206.92
13/07/2018 16:00:00,47.83,105.43,90.65,59.44,207.32
16/07/2018 16:00:00,47.73,104.91,91.12,59.19,207.23
17/07/2018 16:00:00,47.86,105.95,92.2,59.94,209.99
18/07/2018 16:00:00,47.6,105.12,92.15,59.79,209.36
19/07/2018 16:00:00,47.97,104.4,90.65,59.35,208.09
20/07/2018 16:00:00,47.86,106.27,90.69,59.25,209.94
23/07/2018 16:00:00,47.86,107.97,90.1,60.28,210.91
24/07/2018 16:00:00,48.25,107.66,91.46,62.4,214.67
25/07/2018 16:00:00,48.71,110.83,93.18,63.19,217.5
26/07/2018 16:00:00,48.55,109.62,90.4,63.42,176.26
27/07/2018 16:00:00,47.75,107.68,90.86,61.93,174.89
30/07/2018 16:00:00,47.48,105.37,88.96,60.99,171.06
31/07/2018 16:00:00,47.57,106.08,88.87,60.86,172.58
01/08/2018 16:00:00,50.38,106.28,89.86,61,171.65
02/08/2018 16:00:00,51.85,107.57,91.72,61.31,176.37
03/08/2018 16:00:00,52,108.04,91.16,61.19,177.78
06/08/2018 16:00:00,52.27,108.13,92.39,61.24,185.69
07/08/2018 16:00:00,51.78,108.88,93.12,62.11,183.81
08/08/2018 16:00:00,51.81,109.49,94.33,62.28,185.18
09/08/2018 16:00:00,52.22,109.67,94.93,62.46,183.09
10/08/2018 16:00:00,51.88,109,94.32,61.88,180.26
13/08/2018 16:00:00,52.22,108.21,94.81,61.75,180.05
14/08/2018 16:00:00,52.44,109.56,95.98,62.11,181.11
15/08/2018 16:00:00,52.56,107.66,94.13,60.72,179.53
16/08/2018 16:00:00,53.33,107.64,94.33,60.32,174.7
17/08/2018 16:00:00,54.4,107.58,94.11,60.05,173.8
20/08/2018 16:00:00,53.87,106.87,93.84,60.39,172.5
21/08/2018 16:00:00,53.76,105.98,94.17,60.08,172.62
22/08/2018 16:00:00,53.76,107.06,95.25,60.37,173.64
23/08/2018 16:00:00,53.87,107.56,95.15,60.27,172.9
24/08/2018 16:00:00,54.04,108.4,95.27,61.03,174.65
27/08/2018 16:00:00,54.49,109.6,96.38,62.09,177.46
28/08/2018 16:00:00,54.93,110.26,96.64,61.56,176.26
29/08/2018 16:00:00,55.75,112.02,99.91,62.47,175.9
30/08/2018 16:00:00,56.26,111.95,100.12,61.96,177.64
31/08/2018 16:00:00,56.91,112.33,100.64,60.91,175.73
04/09/2018 16:00:00,57.09,111.71,101.98,59.85,171.16
05/09/2018 16:00:00,56.72,108.49,99.74,59.32,167.18
06/09/2018 16:00:00,55.78,108.74,97.92,58.57,162.53
07/09/2018 16:00:00,55.33,108.21,97.6,58.24,163.04
10/09/2018 16:00:00,54.58,109.38,96.95,58.23,164.18
11/09/2018 16:00:00,55.96,111.24,99.36,58.87,165.94
12/09/2018 16:00:00,55.27,111.71,99.5,58.14,162
13/09/2018 16:00:00,56.6,112.91,99.49,58.77,161.36
14/09/2018 16:00:00,55.96,113.37,98.51,58.63,162.32
17/09/2018 16:00:00,54.47,112.14,95.4,57.8,160.58
18/09/2018 16:00:00,54.56,113.21,97.05,58.06,160.3
19/09/2018 16:00:00,54.59,111.7,96.32,58.55,163.06
20/09/2018 16:00:00,55.01,113.57,97.22,59.34,166.02
21/09/2018 16:00:00,54.42,114.26,95.75,58.3,162.93
24/09/2018 16:00:00,55.2,114.67,96.72,58.67,165.41
25/09/2018 16:00:00,55.55,114.45,98.73,59.23,164.91
26/09/2018 16:00:00,55.11,113.98,98.74,59.02,166.95
27/09/2018 16:00:00,56.24,114.41,100.65,59.73,168.84
28/09/2018 16:00:00,56.44,114.37,100.15,59.67,164.46
01/10/2018 16:00:00,56.82,115.61,100.22,59.77,162.44
02/10/2018 16:00:00,57.32,115.15,98.57,60.01,159.33
03/10/2018 16:00:00,58.02,115.17,97.64,60.15,162.43
04/10/2018 16:00:00,57,112.79,95.47,58.41,158.85
05/10/2018 16:00:00,56.07,112.13,94.48,57.87,157.33
08/10/2018 16:00:00,55.94,110.85,93.22,57.45,157.25
09/10/2018 16:00:00,56.72,112.26,93.52,56.94,157.9
10/10/2018 16:00:00,54.09,106.16,87.76,54.06,151.38
11/10/2018 16:00:00,53.61,105.91,85.97,53.97,153.35
12/10/2018 16:00:00,55.53,109.57,89.43,55.5,153.74
15/10/2018 16:00:00,54.34,107.6,88.05,54.61,153.52
16/10/2018 16:00:00,55.54,111,91,56.06,158.78
17/10/2018 16:00:00,55.3,110.71,91.59,55.78,159.42
18/10/2018 16:00:00,54.01,108.5,88.54,54.4,154.92
19/10/2018 16:00:00,54.83,108.66,88.2,54.82,154.05
22/10/2018 16:00:00,55.16,109.63,89.47,55.06,154.78
23/10/2018 16:00:00,55.68,108.1,88.44,55.18,154.39
24/10/2018 16:00:00,53.77,102.32,83.21,52.54,146.04
25/10/2018 16:00:00,54.95,108.3,89.11,54.78,150.95
26/10/2018 16:00:00,54.08,106.96,82.14,53.57,145.37
29/10/2018 16:00:00,53.06,103.85,76.94,51,142.09
30/10/2018 16:00:00,53.33,103.73,76.52,51.81,146.22
31/10/2018 16:00:00,54.72,106.81,79.9,53.84,151.79
01/11/2018 16:00:00,55.56,105.92,83.28,53.5,151.75
02/11/2018 16:00:00,51.87,106.16,83.28,52.89,150.35
05/11/2018 16:00:00,50.4,107.51,81.39,52,148.68
06/11/2018 16:00:00,50.94,107.72,82.14,52.79,149.94
07/11/2018 16:00:00,52.49,111.96,87.77,54.67,151.53
08/11/2018 16:00:00,52.12,111.75,87.75,54.12,147.87
09/11/2018 16:00:00,51.12,109.57,85.62,53.31,144.96
12/11/2018 16:00:00,48.54,106.87,81.84,51.93,141.55
13/11/2018 16:00:00,48.06,106.94,81.56,51.8,142.16
14/11/2018 16:00:00,46.7,104.97,79.95,52.18,144.22
15/11/2018 16:00:00,47.85,107.28,80.97,53.24,143.85
16/11/2018 16:00:00,48.38,108.29,79.67,53.07,139.53
19/11/2018 16:00:00,46.47,104.62,75.61,51,131.55
20/11/2018 16:00:00,44.25,101.71,74.77,51.29,132.43
21/11/2018 16:00:00,44.2,103.11,75.84,51.88,134.82
23/11/2018 13:00:00,43.07,103.07,75.1,51.19,131.73
26/11/2018 16:00:00,43.66,106.47,79.07,52.43,136.38
27/11/2018 16:00:00,43.56,107.14,79.07,52.22,135
28/11/2018 16:00:00,45.24,111.12,83.89,54.31,136.76
29/11/2018 16:00:00,44.89,110.19,83.68,54.42,138.68
30/11/2018 16:00:00,44.65,110.89,84.51,54.72,140.61
03/12/2018 16:00:00,46.21,112.09,88.62,55.32,141.09
04/12/2018 16:00:00,44.17,108.52,83.42,52.54,137.93
06/12/2018 16:00:00,43.68,109.19,84.96,53.44,139.63
07/12/2018 16:00:00,42.12,104.82,81.46,51.83,137.42
10/12/2018 16:00:00,42.4,107.59,82.05,51.98,141.85
11/12/2018 16:00:00,42.16,108.59,82.16,52.59,142.08
12/12/2018 16:00:00,42.28,109.08,83.18,53.18,144.5
13/12/2018 16:00:00,42.74,109.45,82.92,53.1,145.01
14/12/2018 16:00:00,41.37,106.03,79.6,52.11,144.06
17/12/2018 16:00:00,40.99,102.89,76.05,50.83,140.19
18/12/2018 16:00:00,41.52,103.97,77.57,51.44,143.66
19/12/2018 16:00:00,40.22,103.69,74.75,51.15,133.24
20/12/2018 16:00:00,39.21,101.51,73.04,50.47,133.4
21/12/2018 16:00:00,37.68,98.23,68.87,48.98,124.95
24/12/2018 13:00:00,36.71,94.13,67.2,48.81,124.06
26/12/2018 16:00:00,39.29,100.56,73.55,51.97,134.18
27/12/2018 16:00:00,39.04,101.18,73.08,52.19,134.52
28/12/2018 16:00:00,39.06,100.39,73.9,51.85,133.2
31/12/2018 16:00:00,39.44,101.57,75.1,51.78,131.09
02/01/2019 16:00:00,39.48,101.12,76.96,52.29,135.68
03/01/2019 16:00:00,35.55,97.4,75.01,50.8,131.74
04/01/2019 16:00:00,37.07,101.93,78.77,53.54,137.95
07/01/2019 16:00:00,36.98,102.06,81.48,53.42,138.05
08/01/2019 16:00:00,37.69,102.8,82.83,53.81,142.53
09/01/2019 16:00:00,38.33,104.27,82.97,53.73,144.23
10/01/2019 16:00:00,38.45,103.6,82.81,53.52,144.2
11/01/2019 16:00:00,38.07,102.8,82.03,52.86,143.8
14/01/2019 16:00:00,37.5,102.05,80.86,52.23,145.39
15/01/2019 16:00:00,38.27,105.01,83.73,53.86,148.95
16/01/2019 16:00:00,38.74,105.38,84.19,54.05,147.54
17/01/2019 16:00:00,38.97,106.12,84.66,54.5,148.3
18/01/2019 16:00:00,39.21,107.71,84.81,54.91,150.04
22/01/2019 16:00:00,38.33,105.68,81.61,53.53,147.57
23/01/2019 16:00:00,38.48,106.71,82,53.78,144.3
24/01/2019 16:00:00,38.17,106.2,82.75,53.7,145.83
25/01/2019 16:00:00,39.44,107.17,83.53,54.55,149.01
28/01/2019 16:00:00,39.08,105.08,81.89,53.5,147.47
29/01/2019 16:00:00,38.67,102.94,79.69,53.03,144.19
30/01/2019 16:00:00,41.31,106.38,83.52,54.45,150.42
31/01/2019 16:00:00,41.61,104.43,85.94,55.82,166.69
01/02/2019 16:00:00,41.63,102.78,81.31,55.54,165.71
04/02/2019 16:00:00,42.81,105.74,81.67,56.64,169.25
05/02/2019 16:00:00,43.55,107.22,82.94,57.3,171.16
06/02/2019 16:00:00,43.56,106.03,82.01,55.76,170.49
07/02/2019 16:00:00,42.74,105.27,80.72,54.94,166.38
08/02/2019 16:00:00,42.6,105.67,79.41,54.75,167.33
11/02/2019 16:00:00,42.36,105.25,79.55,54.75,165.79
12/02/2019 16:00:00,42.72,106.89,81.9,56.07,165.04
13/02/2019 16:00:00,42.55,106.81,82,56.01,164.07
14/02/2019 16:00:00,42.7,106.9,81.13,56.08,163.95
15/02/2019 16:00:00,42.61,108.22,80.4,55.68,162.5
19/02/2019 16:00:00,42.73,108.17,81.38,55.93,162.29
20/02/2019 16:00:00,43.01,107.15,81.11,55.69,162.56
21/02/2019 16:00:00,42.77,109.41,80.97,54.85,160.04
22/02/2019 16:00:00,43.24,110.97,81.58,55.52,161.89
25/02/2019 16:00:00,43.56,111.59,81.65,55.47,164.62
26/02/2019 16:00:00,43.58,112.36,81.82,55.76,164.13
27/02/2019 16:00:00,43.72,112.17,82.05,55.8,162.81
28/02/2019 16:00:00,43.29,112.03,81.99,56,161.45
01/03/2019 16:00:00,43.74,112.53,83.59,57.05,162.28
04/03/2019 16:00:00,43.96,112.26,84.81,57.39,167.37
05/03/2019 16:00:00,43.88,111.7,84.62,58.1,171.26
06/03/2019 16:00:00,43.63,111.75,83.45,57.89,172.51
07/03/2019 16:00:00,43.13,110.39,81.3,57.17,169.13
08/03/2019 16:00:00,43.23,110.51,81.04,57.12,169.6
11/03/2019 16:00:00,44.73,112.83,83.53,58.79,172.07
12/03/2019 16:00:00,45.23,113.62,83.66,59.66,171.92
13/03/2019 16:00:00,45.43,114.5,84.54,59.67,173.37
14/03/2019 16:00:00,45.93,114.59,84.31,59.28,170.17
15/03/2019 16:00:00,46.53,115.91,85.62,59.22,165.98
18/03/2019 16:00:00,47.01,117.57,87.11,59.21,160.47
19/03/2019 16:00:00,46.63,117.65,88.09,59.94,161.57
20/03/2019 16:00:00,47.04,117.52,89.86,61.2,165.44
21/03/2019 16:00:00,48.77,120.22,90.96,61.58,166.08
22/03/2019 16:00:00,47.76,117.05,88.24,60.28,164.34
25/03/2019 16:00:00,47.19,117.66,88.71,59.65,166.29
26/03/2019 16:00:00,46.7,117.91,89.19,59.23,167.68
27/03/2019 16:00:00,47.12,116.77,88.29,58.65,165.87
28/03/2019 16:00:00,47.18,116.93,88.67,58.42,165.55
29/03/2019 16:00:00,47.49,117.94,89.04,58.67,166.69
01/04/2019 16:00:00,47.81,119.02,90.71,59.72,168.7
02/04/2019 16:00:00,48.51,119.19,90.7,60.02,174.2
03/04/2019 16:00:00,48.84,119.97,91.04,60.3,173.54
04/04/2019 16:00:00,48.92,119.36,90.94,60.75,176.02
05/04/2019 16:00:00,49.25,119.89,91.86,60.36,175.72
08/04/2019 16:00:00,50.03,119.93,92.49,60.19,174.93
09/04/2019 16:00:00,49.88,119.28,91.79,59.86,177.58
10/04/2019 16:00:00,50.16,120.19,92.37,60.11,177.82
11/04/2019 16:00:00,49.74,120.33,92.2,60.23,177.51
12/04/2019 16:00:00,49.72,120.95,92.15,60.89,179.1
15/04/2019 16:00:00,49.81,121.05,92.24,61.06,179.65
16/04/2019 16:00:00,49.81,120.77,93.15,61.36,178.87
17/04/2019 16:00:00,50.78,121.77,93.24,61.82,178.78
18/04/2019 16:00:00,50.97,123.37,93.08,61.82,178.28
22/04/2019 16:00:00,51.13,123.76,94.37,62.44,181.44
23/04/2019 16:00:00,51.87,125.44,96.19,63.23,183.78
24/04/2019 16:00:00,51.79,125.01,95.09,62.8,182.58
25/04/2019 16:00:00,51.32,129.15,95.11,63.17,193.26
26/04/2019 16:00:00,51.08,129.89,97.53,63.61,191.49
29/04/2019 16:00:00,51.15,129.77,96.92,64.38,194.78
30/04/2019 16:00:00,50.17,130.6,96.33,59.42,193.4
01/05/2019 16:00:00,52.63,127.88,95.58,58.4,193.03
02/05/2019 16:00:00,52.29,126.21,95.04,58.13,192.53
03/05/2019 16:00:00,52.94,128.9,98.12,59.27,195.47
06/05/2019 16:00:00,52.12,128.15,97.53,59.47,193.88
07/05/2019 16:00:00,50.72,125.52,96.05,58.71,189.77
08/05/2019 16:00:00,50.73,125.51,95.89,58.31,189.54
09/05/2019 16:00:00,50.18,125.5,94.99,58.12,188.65
10/05/2019 16:00:00,49.3,127.13,94.5,58.21,188.34
13/05/2019 16:00:00,46.43,123.35,91.13,56.6,181.54
14/05/2019 16:00:00,47.17,124.73,92.01,56.02,180.73
15/05/2019 16:00:00,47.73,126.02,93.56,58.21,186.27
16/05/2019 16:00:00,47.52,128.93,95.38,58.95,186.99
17/05/2019 16:00:00,47.25,128.07,93.45,58.12,185.3
20/05/2019 16:00:00,45.77,126.22,92.95,56.94,182.72
21/05/2019 16:00:00,46.65,126.9,92.88,57.48,184.82
22/05/2019 16:00:00,45.7,127.67,92.98,57.57,185.32
23/05/2019 16:00:00,44.92,126.18,90.77,57.04,180.87
24/05/2019 16:00:00,44.74,126.24,91.16,56.67,181.06
28/05/2019 16:00:00,44.56,126.16,91.82,56.71,184.31
29/05/2019 16:00:00,44.35,124.94,90.96,55.82,182.19
30/05/2019 16:00:00,44.58,125.73,90.82,55.9,183.01
31/05/2019 16:00:00,43.77,123.68,88.75,55.18,177.47
03/06/2019 16:00:00,43.33,119.84,84.63,51.81,164.15
04/06/2019 16:00:00,44.91,123.16,86.48,52.65,167.5
05/06/2019 16:00:00,45.64,125.83,86.93,52.11,168.17
06/06/2019 16:00:00,46.31,127.82,87.72,52.22,168.33
07/06/2019 16:00:00,47.54,131.4,90.2,53.3,173.35
10/06/2019 16:00:00,48.15,132.6,93.03,54.02,174.82
11/06/2019 16:00:00,48.7,132.1,93.19,53.94,178.1
12/06/2019 16:00:00,48.55,131.49,92.77,53.85,175.04
13/06/2019 16:00:00,48.54,132.32,93.52,54.44,177.47
14/06/2019 16:00:00,48.19,132.45,93.48,54.27,181.33
17/06/2019 16:00:00,48.47,132.85,94.3,54.63,189.01
18/06/2019 16:00:00,49.61,135.16,95.07,55.18,188.47
19/06/2019 16:00:00,49.47,135.69,95.44,55.12,187.48
20/06/2019 16:00:00,49.87,136.95,95.91,55.57,189.53
21/06/2019 16:00:00,49.7,136.97,95.57,56.09,191.14
24/06/2019 16:00:00,49.65,137.78,95.7,55.78,192.6
25/06/2019 16:00:00,48.89,133.43,93.91,54.32,188.84
26/06/2019 16:00:00,49.95,133.93,94.89,53.99,187.66
27/06/2019 16:00:00,49.94,134.15,95.21,53.8,189.5
28/06/2019 16:00:00,49.48,133.96,94.68,54.05,193
01/07/2019 16:00:00,50.39,135.68,96.11,54.9,193
02/07/2019 16:00:00,50.68,136.58,96.72,55.56,195
03/07/2019 13:00:00,51.1,137.46,96.95,56.08,197.2
05/07/2019 16:00:00,51.06,137.06,97.15,56.58,196.4
08/07/2019 16:00:00,50.01,136.96,97.62,55.82,195.76
09/07/2019 16:00:00,50.31,136.46,99.42,56.24,199.21
10/07/2019 16:00:00,50.81,137.85,100.87,57.02,202.73
11/07/2019 16:00:00,50.44,138.4,100.05,57.21,201.23
12/07/2019 16:00:00,50.83,138.9,100.55,57.25,204.87
15/07/2019 16:00:00,51.3,138.9,101.05,57.52,203.91
16/07/2019 16:00:00,51.13,137.08,100.5,57.68,203.84
17/07/2019 16:00:00,50.84,136.27,99.6,57.32,201.8
18/07/2019 16:00:00,51.42,136.42,98.9,57.32,200.78
19/07/2019 16:00:00,50.65,136.62,98.23,56.51,198.36
22/07/2019 16:00:00,51.81,138.43,99.28,56.9,202.32
23/07/2019 16:00:00,52.21,139.29,99.72,57.31,202.36
24/07/2019 16:00:00,52.17,140.72,100.04,56.89,204.66
25/07/2019 16:00:00,51.76,140.19,98.69,56.61,200.71
26/07/2019 16:00:00,51.94,141.34,97.15,62.52,199.75
29/07/2019 16:00:00,52.42,141.03,95.62,61.97,195.94
30/07/2019 16:00:00,52.2,140.35,94.93,61.26,197.04
31/07/2019 16:00:00,53.26,136.27,93.34,60.83,194.23
01/08/2019 16:00:00,52.11,138.06,92.77,60.45,192.73
02/08/2019 16:00:00,51.01,136.9,91.16,59.7,189.02
05/08/2019 16:00:00,48.34,132.21,88.26,57.62,181.73
06/08/2019 16:00:00,49.25,134.69,89.39,58.5,184.51
07/08/2019 16:00:00,49.76,135.28,89.67,58.7,185.15
08/08/2019 16:00:00,50.86,138.89,91.64,60.24,190.16
09/08/2019 16:00:00,50.25,137.71,90.38,59.4,187.85
12/08/2019 16:00:00,50.12,135.79,89.25,58.74,185.37
13/08/2019 16:00:00,52.24,138.6,91.22,59.86,188.45
14/08/2019 16:00:00,50.69,133.98,88.15,58.21,179.71
15/08/2019 16:00:00,50.44,133.68,88.81,58.36,182.59
16/08/2019 16:00:00,51.63,136.13,89.63,58.88,183.7
19/08/2019 16:00:00,52.59,138.41,90.81,59.92,186.17
20/08/2019 16:00:00,52.59,137.26,90.07,59.13,183.81
21/08/2019 16:00:00,53.16,138.79,91.18,59.56,183.55
22/08/2019 16:00:00,53.12,137.78,90.28,59.48,182.04
23/08/2019 16:00:00,50.66,133.39,87.48,57.56,177.75
26/08/2019 16:00:00,51.62,135.45,88.44,58.44,180.36
27/08/2019 16:00:00,51.04,135.74,88.09,58.39,181.3
28/08/2019 16:00:00,51.38,135.56,88.21,58.55,181.76
29/08/2019 16:00:00,52.25,138.12,89.32,59.64,185.57
30/08/2019 16:00:00,52.19,137.86,88.81,59.41,185.67
03/09/2019 16:00:00,51.43,136.04,89.49,58.42,182.39
04/09/2019 16:00:00,52.3,137.63,90.03,59.07,187.14
05/09/2019 16:00:00,53.32,140.05,92.04,60.57,190.9
06/09/2019 16:00:00,53.32,139.1,91.68,60.25,187.49
09/09/2019 16:00:00,53.54,137.52,91.57,60.22,188.76
10/09/2019 16:00:00,54.18,136.08,91.03,60.3,186.17
11/09/2019 16:00:00,55.9,136.12,91.15,61.01,188.49
12/09/2019 16:00:00,55.77,137.52,92.18,61.71,187.47
13/09/2019 16:00:00,54.69,137.32,91.97,61.98,187.19
16/09/2019 16:00:00,54.98,136.33,90.39,61.57,186.22
17/09/2019 16:00:00,55.18,137.39,91.13,61.46,188.08
18/09/2019 16:00:00,55.69,138.52,90.87,61.62,188.14
19/09/2019 16:00:00,55.24,141.07,91.08,61.94,190.14
20/09/2019 16:00:00,54.43,139.44,89.71,61.5,189.93
23/09/2019 16:00:00,54.68,139.14,89.27,61.7,186.82
24/09/2019 16:00:00,54.42,137.38,87.08,60.94,181.28
25/09/2019 16:00:00,55.26,139.36,88.42,62.33,182.8
26/09/2019 16:00:00,54.97,139.54,86.99,62.07,180.11
27/09/2019 16:00:00,54.71,137.73,86.27,61.25,177.1
30/09/2019 16:00:00,55.99,139.03,86.8,60.95,178.08
01/10/2019 16:00:00,56.15,137.07,86.78,60.26,175.81
02/10/2019 16:00:00,54.74,134.65,85.66,58.83,174.6
03/10/2019 16:00:00,55.21,136.28,86.22,59.39,179.38
04/10/2019 16:00:00,56.75,138.12,86.98,60.45,180.45
07/10/2019 16:00:00,56.77,137.12,86.63,60.38,179.68
08/10/2019 16:00:00,56.1,135.67,85.28,59.46,177.75
09/10/2019 16:00:00,56.76,138.24,86.1,60.12,179.85
10/10/2019 16:00:00,57.52,139.1,86.01,60.43,180.03
11/10/2019 16:00:00,59.05,139.68,86.6,60.77,184.19
14/10/2019 16:00:00,58.97,139.55,86.82,60.86,183.28
15/10/2019 16:00:00,58.83,141.57,88.37,62.15,188.89
16/10/2019 16:00:00,58.59,140.41,88.87,62.18,189.55
17/10/2019 16:00:00,58.82,139.69,89.37,62.65,190.39
18/10/2019 16:00:00,59.1,137.41,87.88,62.27,185.85
21/10/2019 16:00:00,60.13,138.43,89.28,62.31,189.76
22/10/2019 16:00:00,59.99,136.37,88.29,62.14,182.34
23/10/2019 16:00:00,60.8,137.24,88.11,62.96,186.15
24/10/2019 16:00:00,60.9,139.94,89.04,63.05,186.38
25/10/2019 16:00:00,61.65,140.73,88.07,63.26,187.89
28/10/2019 16:00:00,62.26,144.19,88.85,64.5,189.4
29/10/2019 16:00:00,60.82,142.83,88.14,63.13,189.31
30/10/2019 16:00:00,60.82,144.61,89,63.06,188.25
31/10/2019 16:00:00,62.19,143.37,88.83,63.01,191.65
01/11/2019 16:00:00,63.96,143.72,89.57,63.69,193.62
04/11/2019 16:00:00,64.38,144.55,90.23,64.57,194.72
05/11/2019 16:00:00,64.28,144.46,90.09,64.6,194.32
06/11/2019 16:00:00,64.31,144.06,89.79,64.59,191.55
07/11/2019 16:00:00,64.86,144.26,89.41,65.44,190.42
08/11/2019 16:00:00,65.04,145.96,89.29,65.57,190.84
11/11/2019 16:00:00,65.55,146.11,88.58,64.96,189.61
12/11/2019 16:00:00,65.49,147.07,88.9,64.94,194.47
13/11/2019 16:00:00,66.12,147.31,87.66,64.9,193.19
14/11/2019 16:00:00,65.66,148.06,87.73,65.57,193.15
15/11/2019 16:00:00,66.44,149.97,86.97,66.74,195.1
18/11/2019 16:00:00,66.78,150.34,87.63,66.04,197.4
19/11/2019 16:00:00,66.57,150.39,87.64,65.77,199.32
20/11/2019 16:00:00,65.8,149.62,87.28,65.15,197.51
21/11/2019 16:00:00,65.5,149.48,86.74,65.07,197.93
22/11/2019 16:00:00,65.44,149.59,87.29,64.77,198.82
25/11/2019 16:00:00,66.59,151.23,88.69,65.33,199.79
26/11/2019 16:00:00,66.07,152.03,89.85,65.68,198.97
27/11/2019 16:00:00,66.96,152.32,90.93,65.65,202
29/11/2019 13:00:00,66.81,151.38,90.04,65.25,201.64
02/12/2019 16:00:00,66.04,149.55,89.08,64.5,199.7
03/12/2019 16:00:00,64.86,149.31,88.5,64.76,198.82
04/12/2019 16:00:00,65.44,149.85,88.03,66.03,198.71
05/12/2019 16:00:00,66.4,149.93,87.02,66.41,199.36
06/12/2019 16:00:00,67.68,151.75,87.58,67.03,201.05
09/12/2019 16:00:00,66.73,151.75,87.48,67.18,201.34
10/12/2019 16:00:00,67.12,151.13,86.96,67.23,200.87
11/12/2019 16:00:00,67.69,151.7,87.44,67.25,202.26
12/12/2019 16:00:00,67.86,153.24,88.02,67.51,196.75
13/12/2019 16:00:00,68.79,154.53,88.05,67.39,194.11
16/12/2019 16:00:00,69.97,155.53,88.46,68.06,197.92
17/12/2019 16:00:00,70.1,154.69,89.53,67.76,198.39
18/12/2019 16:00:00,69.94,154.37,89.2,67.63,202.5
19/12/2019 16:00:00,70.01,155.71,89.61,67.8,206.06
20/12/2019 16:00:00,69.86,157.41,89.33,67.48,206.3
23/12/2019 16:00:00,71,157.41,89.65,67.44,206.18
24/12/2019 13:00:00,71.07,157.38,89.46,67.18,205.12
26/12/2019 16:00:00,72.48,158.67,93.44,68.02,207.79
27/12/2019 16:00:00,72.45,158.96,93.49,67.59,208.1
30/12/2019 16:00:00,72.88,157.59,92.34,66.81,204.41
31/12/2019 16:00:00,73.41,157.7,92.39,66.85,205.25
02/01/2020 16:00:00,75.09,160.62,94.9,68.37,209.78
03/01/2020 16:00:00,74.36,158.62,93.75,68.03,208.67
06/01/2020 16:00:00,74.95,159.03,95.14,69.71,212.6
07/01/2020 16:00:00,74.6,157.58,95.34,69.67,213.06
08/01/2020 16:00:00,75.8,160.09,94.6,70.22,215.22
09/01/2020 16:00:00,77.41,162.09,95.05,70.99,218.3
10/01/2020 16:00:00,77.58,161.34,94.16,71.49,218.06
13/01/2020 16:00:00,79.24,163.28,94.57,71.96,221.91
14/01/2020 16:00:00,78.17,162.13,93.47,71.54,219.06
15/01/2020 16:00:00,77.83,163.18,93.1,71.96,221.15
16/01/2020 16:00:00,78.81,166.17,93.9,72.58,221.77
17/01/2020 16:00:00,79.68,167.1,93.24,74.02,222.14
21/01/2020 16:00:00,79.14,166.5,94.6,74.22,221.44
22/01/2020 16:00:00,79.43,165.7,94.37,74.3,221.32
23/01/2020 16:00:00,79.81,166.72,94.23,74.33,219.76
24/01/2020 16:00:00,79.58,165.04,93.08,73.34,217.94
27/01/2020 16:00:00,77.24,162.28,91.42,71.69,214.87
28/01/2020 16:00:00,79.42,165.46,92.66,72.63,217.79
29/01/2020 16:00:00,81.08,168.04,92.9,72.93,223.23
30/01/2020 16:00:00,80.97,172.78,93.53,72.79,209.53
31/01/2020 16:00:00,77.38,170.23,100.44,71.71,201.91
03/02/2020 16:00:00,77.17,174.38,100.21,74.3,204.19
04/02/2020 16:00:00,79.71,180.12,102.48,72.35,209.83
05/02/2020 16:00:00,80.36,179.9,101.99,72.41,210.11
06/02/2020 16:00:00,81.3,183.63,102.51,73.81,210.85
07/02/2020 16:00:00,80.01,183.89,103.96,73.96,212.33
10/02/2020 16:00:00,80.39,188.7,106.7,75.43,213.06
11/02/2020 16:00:00,79.9,184.44,107.54,75.44,207.19
12/02/2020 16:00:00,81.8,184.71,108,75.91,210.76
13/02/2020 16:00:00,81.22,183.71,107.49,75.73,213.14
14/02/2020 16:00:00,81.24,185.35,106.74,76.04,214.18
18/02/2020 16:00:00,79.75,187.23,107.78,75.98,217.8
19/02/2020 16:00:00,80.91,187.28,108.51,76.33,217.49
20/02/2020 16:00:00,80.08,184.42,107.66,75.91,214.58
21/02/2020 16:00:00,78.26,178.59,104.8,74.26,210.18
24/02/2020 16:00:00,74.55,170.89,100.46,71.08,200.72
25/02/2020 16:00:00,72.02,168.07,98.64,69.42,196.77
26/02/2020 16:00:00,73.16,170.17,98.98,69.66,197.2
27/02/2020 16:00:00,68.38,158.18,94.22,65.9,189.75
28/02/2020 16:00:00,68.34,162.01,94.19,66.97,192.47
02/03/2020 16:00:00,74.7,172.79,97.7,69.46,196.44
03/03/2020 16:00:00,72.33,164.51,95.45,67.07,185.89
04/03/2020 16:00:00,75.69,170.55,98.79,69.33,191.76
05/03/2020 16:00:00,73.23,166.27,96.2,65.95,185.17
06/03/2020 16:00:00,72.26,161.57,95.05,64.92,181.09
09/03/2020 16:00:00,66.54,150.62,90.03,60.78,169.5
10/03/2020 16:00:00,71.33,160.92,94.59,64.02,178.19
11/03/2020 16:00:00,68.86,153.63,91.04,60.77,170.24
12/03/2020 16:00:00,62.06,139.06,83.83,55.75,154.47
13/03/2020 16:00:00,69.49,158.83,89.25,60.99,170.28
16/03/2020 16:00:00,60.55,135.42,84.46,54.22,146.01
17/03/2020 16:00:00,63.22,146.57,90.39,55.99,149.42
18/03/2020 16:00:00,61.67,140.4,91.5,54.84,146.96
19/03/2020 16:00:00,61.2,142.71,94.05,55.76,153.13
20/03/2020 16:00:00,57.31,137.35,92.3,53.62,149.73
23/03/2020 16:00:00,56.09,135.98,95.14,52.83,148.1
24/03/2020 16:00:00,61.72,148.34,97.01,56.72,160.98
25/03/2020 16:00:00,61.38,146.92,94.29,55.12,156.21
26/03/2020 16:00:00,64.61,156.11,97.77,58.09,163.34
27/03/2020 16:00:00,61.94,149.7,95.01,55.54,156.79
30/03/2020 16:00:00,63.7,160.23,98.2,57.34,165.95
31/03/2020 16:00:00,63.57,157.71,97.49,58.14,166.8
01/04/2020 16:00:00,60.23,152.11,95.39,55.28,159.6
02/04/2020 16:00:00,61.23,155.26,95.94,56.04,158.19
03/04/2020 16:00:00,60.35,153.83,95.33,54.89,154.18
06/04/2020 16:00:00,65.62,165.27,99.88,59.35,165.55
07/04/2020 16:00:00,64.86,163.49,100.58,59.33,168.83
08/04/2020 16:00:00,66.52,165.13,102.15,60.51,174.28
09/04/2020 16:00:00,67,165.14,102.14,60.57,175.19
13/04/2020 16:00:00,68.31,165.51,108.44,60.88,174.79
14/04/2020 16:00:00,71.76,173.7,114.17,63.46,178.17
15/04/2020 16:00:00,71.11,171.88,115.38,63.12,176.97
16/04/2020 16:00:00,71.67,177.04,120.41,63.17,176.25
17/04/2020 16:00:00,70.7,178.6,118.75,64.16,179.24
20/04/2020 16:00:00,69.23,175.06,119.68,63.33,178.24
21/04/2020 16:00:00,67.09,167.82,116.41,60.82,170.8
22/04/2020 16:00:00,69.03,173.52,118.17,63.16,182.28
23/04/2020 16:00:00,68.76,171.42,119.97,63.82,185.13
24/04/2020 16:00:00,70.74,174.55,120.51,63.97,190.07
27/04/2020 16:00:00,70.79,174.05,118.8,63.79,187.5
28/04/2020 16:00:00,69.65,169.81,115.7,61.68,182.91
29/04/2020 16:00:00,71.93,177.43,118.64,67.07,194.19
30/04/2020 16:00:00,73.45,179.21,123.7,67.43,204.71
01/05/2020 16:00:00,72.27,174.57,114.3,66.03,202.27
04/05/2020 16:00:00,73.29,178.84,115.8,66.34,205.26
05/05/2020 16:00:00,74.39,180.76,115.89,67.56,207.07
06/05/2020 16:00:00,75.16,182.54,117.56,67.36,208.47
07/05/2020 16:00:00,75.94,183.6,118.38,68.63,211.26
08/05/2020 16:00:00,77.53,184.68,118.98,69.42,212.35
11/05/2020 16:00:00,78.75,186.74,120.45,70.16,213.18
12/05/2020 16:00:00,77.85,182.51,117.85,68.79,210.1
13/05/2020 16:00:00,76.91,179.75,118.4,67.47,205.1
14/05/2020 16:00:00,77.39,180.53,119.44,67.81,206.81
15/05/2020 16:00:00,76.93,183.16,120.49,68.66,210.88
18/05/2020 16:00:00,78.74,184.91,121.31,69.2,213.19
19/05/2020 16:00:00,78.29,183.63,122.47,68.67,216.88
20/05/2020 16:00:00,79.81,185.66,124.9,70.34,229.97
21/05/2020 16:00:00,79.21,183.43,122.34,70.14,231.39
22/05/2020 16:00:00,79.72,183.51,121.84,70.52,234.91
26/05/2020 16:00:00,79.18,181.57,121.09,70.85,232.2
27/05/2020 16:00:00,79.53,181.81,120.52,70.89,229.14
28/05/2020 16:00:00,79.56,181.4,120.06,70.84,225.46
29/05/2020 16:00:00,79.49,183.25,122.12,71.45,225.09
01/06/2020 16:00:00,80.46,182.83,123.55,71.59,231.91
02/06/2020 16:00:00,80.83,184.91,123.62,71.96,232.72
03/06/2020 16:00:00,81.28,185.36,123.92,71.82,230.16
04/06/2020 16:00:00,80.58,182.92,123.03,70.61,226.29
05/06/2020 16:00:00,82.88,187.2,124.15,71.92,230.77
08/06/2020 16:00:00,83.37,188.36,126.2,72.33,231.4
09/06/2020 16:00:00,86,189.8,130.04,72.81,238.67
10/06/2020 16:00:00,88.21,196.84,132.37,73.29,236.73
11/06/2020 16:00:00,83.98,186.27,127.9,70.19,224.43
12/06/2020 16:00:00,84.7,187.74,127.25,70.66,228.58
15/06/2020 16:00:00,85.75,188.94,128.63,70.99,232.5
16/06/2020 16:00:00,88.02,193.57,130.76,72.14,235.65
17/06/2020 16:00:00,87.9,194.24,132.05,72.56,235.53
18/06/2020 16:00:00,87.93,196.32,132.7,71.8,235.94
19/06/2020 16:00:00,87.43,195.15,133.75,71.59,238.79
22/06/2020 16:00:00,89.72,200.57,135.69,72.59,239.22
23/06/2020 16:00:00,91.63,201.91,138.22,73.22,242.24
24/06/2020 16:00:00,90.02,197.84,136.72,71.6,234.02
25/06/2020 16:00:00,91.21,200.34,137.73,72.07,235.68
26/06/2020 16:00:00,88.41,196.33,134.64,68,216.08
29/06/2020 16:00:00,90.45,198.44,134.02,69.75,220.64
30/06/2020 16:00:00,91.2,203.51,137.94,70.68,227.07
01/07/2020 16:00:00,91.03,204.7,143.94,71.9,237.55
02/07/2020 16:00:00,91.03,206.26,144.51,73.24,233.42
06/07/2020 16:00:00,93.46,210.7,152.85,74.79,240.28
07/07/2020 16:00:00,93.17,208.25,150.01,74.26,240.86
08/07/2020 16:00:00,95.34,212.83,154.06,74.8,243.58
09/07/2020 16:00:00,95.68,214.32,159.13,75.55,244.5
10/07/2020 16:00:00,95.92,213.67,160,77.09,245.07
13/07/2020 16:00:00,95.48,207.07,155.2,75.57,239
14/07/2020 16:00:00,97.06,208.35,154.2,76.03,239.73
15/07/2020 16:00:00,97.73,208.04,150.44,75.68,240.28
16/07/2020 16:00:00,96.52,203.92,150,75.9,240.93
17/07/2020 16:00:00,96.33,202.88,148.1,75.78,242.03
20/07/2020 16:00:00,98.36,211.6,159.84,78.29,245.42
21/07/2020 16:00:00,97,208.75,156.91,77.92,241.75
22/07/2020 16:00:00,97.27,211.75,155,78.42,239.87
23/07/2020 16:00:00,92.85,202.54,149.33,75.78,232.6
24/07/2020 16:00:00,92.62,201.3,150.45,75.59,230.71
27/07/2020 16:00:00,94.81,203.85,152.76,76.51,233.5
28/07/2020 16:00:00,93.25,202.02,150.02,75.02,230.12
29/07/2020 16:00:00,95.04,204.06,151.68,76.1,233.29
30/07/2020 16:00:00,96.19,203.9,152.59,76.57,234.5
31/07/2020 16:00:00,106.26,205.01,158.23,74.15,253.67
03/08/2020 16:00:00,108.94,216.54,155.59,73.72,251.96
04/08/2020 16:00:00,109.67,213.29,156.94,73.25,249.83
05/08/2020 16:00:00,110.06,212.94,160.25,73.68,249.12
06/08/2020 16:00:00,113.9,216.35,161.25,75.01,265.28
07/08/2020 16:00:00,111.11,212.48,158.37,74.72,268.44
10/08/2020 16:00:00,112.73,208.25,157.41,74.81,263
11/08/2020 16:00:00,109.38,203.38,154.03,74.02,256.13
12/08/2020 16:00:00,113.01,209.19,158.11,75.33,259.89
13/08/2020 16:00:00,115.01,208.7,158.05,75.92,261.3
14/08/2020 16:00:00,114.91,208.9,157.4,75.39,261.24
17/08/2020 16:00:00,114.61,210.28,159.12,75.9,261.16
18/08/2020 16:00:00,115.56,211.49,165.62,77.93,262.34
19/08/2020 16:00:00,115.71,209.7,163.02,77.38,262.59
20/08/2020 16:00:00,118.28,214.58,164.87,79.09,269.01
21/08/2020 16:00:00,124.37,213.02,164.24,79.02,267.01
24/08/2020 16:00:00,125.86,213.69,165.37,79.41,271.39
25/08/2020 16:00:00,124.83,216.47,167.32,80.41,280.82
26/08/2020 16:00:00,126.52,221.15,172.09,82.62,303.91
27/08/2020 16:00:00,125.01,226.58,170,81.72,293.22
28/08/2020 16:00:00,124.81,228.91,170.09,82.22,293.66
31/08/2020 16:00:00,129.04,225.53,172.55,81.71,293.2
01/09/2020 16:00:00,134.18,227.27,174.96,83.04,295.44
02/09/2020 16:00:00,131.4,231.65,176.57,86.41,302.5
03/09/2020 16:00:00,120.88,217.3,168.4,82.09,291.12
04/09/2020 16:00:00,120.96,214.25,164.73,79.55,282.73
08/09/2020 16:00:00,112.82,202.66,157.49,76.62,271.16
09/09/2020 16:00:00,117.32,211.29,163.43,77.85,273.72
10/09/2020 16:00:00,113.49,205.37,158.76,76.6,268.09
11/09/2020 16:00:00,112,204.03,155.81,76.04,266.61
14/09/2020 16:00:00,115.36,205.41,155.15,75.96,266.15
15/09/2020 16:00:00,115.54,208.78,157.81,77.07,272.42
16/09/2020 16:00:00,112.13,205.05,153.91,76.05,263.52
17/09/2020 16:00:00,110.34,202.91,150.44,74.78,254.82
18/09/2020 16:00:00,106.84,200.39,147.75,73,252.53
21/09/2020 16:00:00,110.08,202.54,148.02,71.56,248.15
22/09/2020 16:00:00,111.81,207.42,156.45,73.27,254.75
23/09/2020 16:00:00,107.12,200.59,149.99,70.76,249.02
24/09/2020 16:00:00,108.22,203.19,150.99,71.41,249.53
25/09/2020 16:00:00,112.28,207.82,154.76,72.25,254.82
28/09/2020 16:00:00,114.96,209.44,158.7,73.23,256.82
29/09/2020 16:00:00,114.09,207.26,157.24,73.47,261.79
30/09/2020 16:00:00,115.81,210.33,157.44,73.48,261.9
01/10/2020 16:00:00,116.79,212.46,161.06,74.5,266.63
02/10/2020 16:00:00,113.02,206.19,156.25,72.92,259.94
05/10/2020 16:00:00,116.5,210.38,159.96,74.3,264.65
06/10/2020 16:00:00,113.16,205.91,155,72.67,258.66
07/10/2020 16:00:00,115.08,209.83,159.78,73.01,258.12
08/10/2020 16:00:00,114.97,210.58,159.53,74.3,263.76
09/10/2020 16:00:00,116.97,215.81,164.33,75.76,264.45
12/10/2020 16:00:00,124.4,221.4,172.15,78.46,275.75
13/10/2020 16:00:00,121.1,222.86,172.18,78.58,276.14
14/10/2020 16:00:00,121.19,220.86,168.19,78.4,271.82
15/10/2020 16:00:00,120.71,219.66,166.93,77.96,266.72
16/10/2020 16:00:00,119.02,219.66,163.64,78.65,265.93
19/10/2020 16:00:00,115.98,214.22,160.36,76.73,261.4
20/10/2020 16:00:00,117.51,214.65,160.85,77.8,267.56
21/10/2020 16:00:00,116.87,214.8,159.25,79.67,278.73
22/10/2020 16:00:00,115.75,214.89,158.82,80.77,278.12
23/10/2020 16:00:00,115.04,216.23,160.22,82.05,284.79
26/10/2020 16:00:00,115.05,210.08,160.35,79.52,277.11
27/10/2020 16:00:00,116.6,213.25,164.32,80.21,283.29
28/10/2020 16:00:00,111.2,202.68,158.14,75.83,267.67
29/10/2020 16:00:00,115.32,204.72,160.55,78.36,280.83
30/10/2020 16:00:00,108.86,202.47,151.81,81.05,263.11
02/11/2020 16:00:00,108.77,202.33,150.22,81.3,261.36
03/11/2020 16:00:00,110.44,206.43,152.42,82.51,265.3
04/11/2020 16:00:00,114.95,216.39,162.06,87.46,287.38
05/11/2020 16:00:00,119.03,223.29,166.1,88.17,294.68
06/11/2020 16:00:00,118.69,223.72,165.57,88.09,293.41
09/11/2020 16:00:00,116.32,218.39,157.19,88.15,278.77
10/11/2020 16:00:00,115.97,211.01,151.75,87.02,272.43
11/11/2020 16:00:00,119.49,216.55,156.87,87.64,276.48
12/11/2020 16:00:00,119.21,215.44,155.51,87.49,275.08
13/11/2020 16:00:00,119.26,216.51,156.44,88.85,276.95
16/11/2020 16:00:00,120.3,217.23,156.55,89.07,278.96
17/11/2020 16:00:00,119.39,214.46,156.78,88.51,275
18/11/2020 16:00:00,118.03,211.08,155.27,87.34,271.97
19/11/2020 16:00:00,118.64,212.42,155.85,88.2,272.94
20/11/2020 16:00:00,117.34,210.39,154.97,87.11,269.7
23/11/2020 16:00:00,113.85,210.11,154.92,86.74,268.43
24/11/2020 16:00:00,115.17,213.86,155.9,88.44,276.92
25/11/2020 16:00:00,116.03,213.87,159.25,88.57,275.59
27/11/2020 13:00:00,116.59,215.23,159.77,89.66,277.81
30/11/2020 16:00:00,119.05,214.07,158.4,88.04,276.97
01/12/2020 16:00:00,122.72,216.21,161,89.91,286.55
02/12/2020 16:00:00,123.08,215.37,160.18,91.4,287.52
03/12/2020 16:00:00,122.94,214.24,159.34,91.34,281.85
04/12/2020 16:00:00,122.25,214.36,158.13,91.4,279.7
07/12/2020 16:00:00,123.75,214.29,157.9,90.97,285.58
08/12/2020 16:00:00,124.38,216.01,158.86,90.93,283.4
09/12/2020 16:00:00,121.78,211.8,155.21,89.21,277.92
10/12/2020 16:00:00,123.24,210.52,155.07,88.77,277.12
11/12/2020 16:00:00,122.41,213.26,155.82,89.09,273.55
14/12/2020 16:00:00,121.78,214.2,157.85,88,274.19
15/12/2020 16:00:00,127.88,214.13,158.26,88.39,275.55
16/12/2020 16:00:00,127.81,219.28,162.05,88.15,275.67
17/12/2020 16:00:00,128.7,219.42,161.8,87.4,274.48
18/12/2020 16:00:00,126.66,218.59,160.08,86.55,276.4
21/12/2020 16:00:00,128.23,222.59,160.31,86.97,272.79
22/12/2020 16:00:00,131.88,223.94,160.33,86.18,267.09
23/12/2020 16:00:00,130.96,221.02,159.26,86.62,268.11
24/12/2020 13:00:00,131.97,222.75,158.63,86.94,267.4
28/12/2020 16:00:00,136.69,224.96,164.2,88.8,277
29/12/2020 16:00:00,134.87,224.15,166.1,87.94,276.78
30/12/2020 16:00:00,133.72,221.68,164.29,86.98,271.87
31/12/2020 16:00:00,132.69,222.42,162.85,87.59,273.16
04/01/2021 16:00:00,129.41,217.69,159.33,86.41,268.94
05/01/2021 16:00:00,131.01,217.9,160.93,87.05,270.97
06/01/2021 16:00:00,126.6,212.25,156.92,86.76,263.31
07/01/2021 16:00:00,130.92,218.29,158.11,89.36,268.74
08/01/2021 16:00:00,132.05,219.62,159.14,90.36,267.57
11/01/2021 16:00:00,128.98,217.49,155.71,88.34,256.84
12/01/2021 16:00:00,128.8,214.93,156.04,87.33,251.09
13/01/2021 16:00:00,130.89,216.34,158.29,87.72,251.64
14/01/2021 16:00:00,128.91,213.02,156.37,87.01,245.64
15/01/2021 16:00:00,127.14,212.65,155.21,86.81,251.36
19/01/2021 16:00:00,127.83,216.44,156.04,89.54,261.1
20/01/2021 16:00:00,132.03,224.34,163.17,94.35,267.48
21/01/2021 16:00:00,136.87,224.97,165.35,94.56,272.87
22/01/2021 16:00:00,139.07,225.95,164.61,95.05,274.5
25/01/2021 16:00:00,142.92,229.53,164.7,94.97,278.01
26/01/2021 16:00:00,143.16,232.33,166.31,95.86,282.05
27/01/2021 16:00:00,142.06,232.9,161.63,91.54,272.14
28/01/2021 16:00:00,137.09,238.93,161.88,93.16,265
29/01/2021 16:00:00,131.96,231.96,160.31,91.79,258.33
01/02/2021 16:00:00,134.14,239.65,167.14,95.07,262.01
02/02/2021 16:00:00,134.99,239.51,169,96.38,267.08
03/02/2021 16:00:00,133.94,243,165.63,103.5,266.65
04/02/2021 16:00:00,137.39,242.01,166.55,103.12,266.49
05/02/2021 16:00:00,136.76,242.2,167.61,104.9,268.1
08/02/2021 16:00:00,136.91,242.47,166.15,104.65,266.58
09/02/2021 16:00:00,136.01,243.77,165.25,104.18,269.45
10/02/2021 16:00:00,135.39,242.82,164.33,104.77,271.87
11/02/2021 16:00:00,135.13,244.49,163.11,104.79,270.39
12/02/2021 16:00:00,135.37,244.99,163.89,105.21,270.5
16/02/2021 16:00:00,133.19,243.7,163.45,106.1,273.97
17/02/2021 16:00:00,130.84,244.2,165.43,106.42,273.57
18/02/2021 16:00:00,129.71,243.79,166.41,105.86,269.39
19/02/2021 16:00:00,129.87,240.97,162.5,105.06,261.56
22/02/2021 16:00:00,126,234.51,159.04,103.24,260.33
23/02/2021 16:00:00,125.86,233.27,159.73,103.54,265.86
24/02/2021 16:00:00,125.35,234.55,157.98,104.76,264.31
25/02/2021 16:00:00,120.99,228.99,152.86,101.57,254.69
26/02/2021 16:00:00,121.26,232.38,154.65,101.84,257.62
01/03/2021 16:00:00,127.79,236.94,157.31,104.08,264.91
02/03/2021 16:00:00,125.12,233.87,154.73,103.79,259
03/03/2021 16:00:00,122.06,227.56,150.25,101.34,255.41
04/03/2021 16:00:00,120.13,226.73,148.88,102.45,257.64
05/03/2021 16:00:00,121.42,231.6,150.02,105.43,264.28
08/03/2021 16:00:00,116.36,227.39,147.6,101.21,255.31
09/03/2021 16:00:00,121.09,233.78,153.14,102.64,265.74
10/03/2021 16:00:00,119.98,232.42,152.88,102.75,264.9
11/03/2021 16:00:00,121.96,237.13,155.68,105.74,273.88
12/03/2021 16:00:00,121.03,235.75,154.47,103.1,268.4
15/03/2021 16:00:00,123.99,234.81,154.08,103.32,273.75
16/03/2021 16:00:00,125.57,237.71,154.59,104.63,279.28
17/03/2021 16:00:00,124.76,237.04,156.79,104.55,284.01
18/03/2021 16:00:00,120.53,230.72,151.4,101.81,278.62
19/03/2021 16:00:00,119.99,230.35,153.75,102.16,290.11
22/03/2021 16:00:00,123.39,235.99,155.54,101.93,293.54
23/03/2021 16:00:00,122.54,237.58,156.88,102.65,290.63
24/03/2021 16:00:00,120.09,235.46,154.35,102.25,282.14
25/03/2021 16:00:00,120.59,232.34,152.31,102.22,278.74
26/03/2021 16:00:00,121.21,236.48,152.6,101.78,283.02
29/03/2021 16:00:00,121.39,235.24,153.79,102.8,290.82
30/03/2021 16:00:00,119.9,231.85,152.76,102.78,288
31/03/2021 16:00:00,122.15,235.77,154.7,103.43,294.53
01/04/2021 16:00:00,123,242.35,158.05,106.89,298.66
05/04/2021 16:00:00,125.9,249.07,161.34,111.28,308.91
06/04/2021 16:00:00,126.21,247.86,161.19,111.24,306.26
07/04/2021 16:00:00,127.9,249.9,163.97,112.48,313.09
08/04/2021 16:00:00,130.36,253.25,164.97,113.27,313.02
09/04/2021 16:00:00,133,255.85,168.61,114.29,312.46
12/04/2021 16:00:00,131.24,255.91,168.97,112.74,311.54
13/04/2021 16:00:00,134.43,258.49,170,113.36,309.76
14/04/2021 16:00:00,132.03,255.59,166.65,112.74,302.82
15/04/2021 16:00:00,134.5,259.5,168.95,114.83,307.82
16/04/2021 16:00:00,134.16,260.74,169.97,114.89,306.18
19/04/2021 16:00:00,134.84,258.74,168.6,115.12,302.24
20/04/2021 16:00:00,133.11,258.26,166.73,114.68,302.65
21/04/2021 16:00:00,133.5,260.58,168.1,114.66,301.47
22/04/2021 16:00:00,131.94,257.17,165.45,113.4,296.52
23/04/2021 16:00:00,134.32,261.15,167.04,115.77,301.13
26/04/2021 16:00:00,134.72,261.55,170.45,116.34,303.04
27/04/2021 16:00:00,134.39,261.97,170.87,115.36,303.57
28/04/2021 16:00:00,133.58,254.56,172.93,119,307.1
29/04/2021 16:00:00,133.48,252.51,173.57,121.49,329.51
30/04/2021 16:00:00,131.46,252.18,173.37,120.51,325.08
03/05/2021 16:00:00,132.54,251.86,169.32,119.76,322.58
04/05/2021 16:00:00,127.85,247.79,165.59,117.71,318.36
05/05/2021 16:00:00,128.1,246.47,163.53,117.84,315.02
06/05/2021 16:00:00,129.74,249.73,165.32,119.07,320.02
07/05/2021 16:00:00,130.21,252.46,164.58,119.93,319.08
10/05/2021 16:00:00,126.85,247.18,159.52,117.08,305.97
11/05/2021 16:00:00,125.91,246.23,161.2,115.44,306.53
12/05/2021 16:00:00,122.77,239,157.6,111.95,302.55
13/05/2021 16:00:00,124.97,243.03,158.07,113.1,305.26
14/05/2021 16:00:00,127.45,248.15,161.15,115.81,315.94
17/05/2021 16:00:00,126.27,245.18,163.52,116.07,315.46
18/05/2021 16:00:00,124.85,243.08,161.61,115.17,309.96
19/05/2021 16:00:00,124.69,243.12,161.59,115.44,313.59
20/05/2021 16:00:00,127.31,246.48,162.38,117.8,318.61
21/05/2021 16:00:00,125.43,245.17,160.15,117.26,316.23
24/05/2021 16:00:00,127.1,250.78,162.25,120.33,324.63
25/05/2021 16:00:00,126.9,251.72,162.95,120.45,327.79
26/05/2021 16:00:00,126.85,251.49,163.26,121.68,327.66
27/05/2021 16:00:00,125.28,249.31,161.51,120.13,332.75
28/05/2021 16:00:00,124.61,249.68,161.15,120.58,328.73
01/06/2021 16:00:00,124.28,247.4,160.93,121.49,329.13
02/06/2021 16:00:00,125.06,247.3,161.7,121.06,329.15
03/06/2021 16:00:00,123.54,245.71,159.35,120.23,326.04
04/06/2021 16:00:00,125.89,250.79,160.31,122.59,330.35
07/06/2021 16:00:00,125.9,253.81,159.9,123.3,336.58
08/06/2021 16:00:00,126.74,252.57,163.21,124.14,333.68
09/06/2021 16:00:00,127.13,253.59,164.06,124.57,330.25
10/06/2021 16:00:00,126.11,257.24,167.48,126.08,332.46
11/06/2021 16:00:00,127.35,257.89,167.34,125.7,331.26
14/06/2021 16:00:00,130.48,259.89,169.19,126.35,336.77
15/06/2021 16:00:00,129.64,258.36,169.16,126.03,336.75
16/06/2021 16:00:00,130.15,257.38,170.76,125.7,331.08
17/06/2021 16:00:00,131.79,260.9,174.46,126.37,336.51
18/06/2021 16:00:00,130.46,259.43,174.35,125.57,329.66
21/06/2021 16:00:00,132.3,262.63,172.7,126.46,332.29
22/06/2021 16:00:00,133.98,265.51,175.27,127,339.03
23/06/2021 16:00:00,133.7,265.27,175.19,126.46,340.59
24/06/2021 16:00:00,133.41,266.69,172.45,127.28,343.18
25/06/2021 16:00:00,133.11,265.02,170.07,127,341.37
28/06/2021 16:00:00,134.78,268.72,172.19,126.82,355.64
29/06/2021 16:00:00,136.33,271.4,172.41,126.02,351.89
30/06/2021 16:00:00,136.96,270.9,172.01,125.32,347.71
01/07/2021 16:00:00,137.27,271.6,171.65,126.37,354.39
02/07/2021 16:00:00,139.96,277.65,175.55,128.72,354.7
06/07/2021 16:00:00,142.02,277.66,183.79,129.77,352.78
07/07/2021 16:00:00,144.57,279.93,184.83,130.08,350.49
08/07/2021 16:00:00,143.24,277.42,186.57,129.18,345.65
09/07/2021 16:00:00,145.11,277.94,185.97,129.57,350.42
12/07/2021 16:00:00,144.5,277.32,185.93,130.56,353.16
13/07/2021 16:00:00,145.64,280.98,183.87,130.99,352.09
14/07/2021 16:00:00,149.15,282.51,184.08,132.08,347.63
15/07/2021 16:00:00,148.48,281.03,181.56,131.27,344.46
16/07/2021 16:00:00,146.39,280.75,178.68,131.85,341.16
19/07/2021 16:00:00,142.45,277.01,177.48,129.25,336.95
20/07/2021 16:00:00,146.15,279.32,178.66,131.1,341.66
21/07/2021 16:00:00,145.4,281.4,179.26,132.6,346.23
22/07/2021 16:00:00,146.8,286.14,181.9,133.33,351.19
23/07/2021 16:00:00,148.56,289.67,182.83,137.82,369.79
26/07/2021 16:00:00,148.99,289.05,184.99,139.64,372.46
27/07/2021 16:00:00,146.77,286.54,181.32,136.8,367.81
28/07/2021 16:00:00,144.98,286.22,181.52,136.38,373.28
29/07/2021 16:00:00,145.64,286.5,180,136.54,358.32
30/07/2021 16:00:00,145.86,284.91,166.38,135.22,356.3
02/08/2021 16:00:00,145.52,284.82,166.57,135.99,351.95
03/08/2021 16:00:00,147.36,287.12,168.31,136.28,351.24
04/08/2021 16:00:00,146.95,286.51,167.74,136.03,358.92
05/08/2021 16:00:00,147.06,289.52,168.8,136.94,362.97
06/08/2021 16:00:00,146.14,289.46,167.25,137.04,363.51
09/08/2021 16:00:00,146.09,288.33,167.09,138,361.61
10/08/2021 16:00:00,145.6,286.44,166.03,138.1,361.13
11/08/2021 16:00:00,145.86,286.95,164.61,137.69,359.96
12/08/2021 16:00:00,148.89,289.81,165.18,138.39,362.65
13/08/2021 16:00:00,149.1,292.85,164.7,138.41,363.18
16/08/2021 16:00:00,151.12,294.6,164.95,138.92,366.56
17/08/2021 16:00:00,150.19,293.08,162.1,137.3,358.45
18/08/2021 16:00:00,146.36,290.73,160.06,136.57,355.45
19/08/2021 16:00:00,146.7,296.77,159.39,136.91,355.12
20/08/2021 16:00:00,148.19,304.36,160,138.44,359.37
23/08/2021 16:00:00,149.71,304.65,163.29,141.1,363.35
24/08/2021 16:00:00,149.62,302.62,165.29,142.4,365.51
25/08/2021 16:00:00,148.36,302.01,164.96,142.95,368.39
26/08/2021 16:00:00,147.54,299.09,165.8,142.12,364.38
27/08/2021 16:00:00,148.6,299.72,167.48,144.55,372.63
30/08/2021 16:00:00,153.12,303.59,171.08,145.47,380.66
31/08/2021 16:00:00,151.83,301.88,173.54,145.46,379.38
01/09/2021 16:00:00,152.51,301.83,173.95,145.84,382.05
02/09/2021 16:00:00,153.65,301.15,173.16,144.22,375.28
03/09/2021 16:00:00,154.3,301.14,173.9,144.78,376.26
07/09/2021 16:00:00,156.69,300.18,175.46,145.52,382.18
08/09/2021 16:00:00,155.11,300.21,176.28,144.88,377.57
09/09/2021 16:00:00,154.07,297.25,174.21,144.91,378
10/09/2021 16:00:00,148.97,295.71,173.46,141.92,378.69
13/09/2021 16:00:00,149.55,296.99,172.86,143.47,376.51
14/09/2021 16:00:00,148.12,299.79,172.5,143.41,376.53
15/09/2021 16:00:00,149.03,304.82,173.79,145.21,373.92
16/09/2021 16:00:00,148.79,305.22,174.41,144.37,373.06
17/09/2021 16:00:00,146.06,299.87,173.13,141.46,364.72
20/09/2021 16:00:00,142.94,294.3,167.79,139.02,355.7
21/09/2021 16:00:00,143.43,294.8,167.18,139.65,357.48
22/09/2021 16:00:00,145.85,298.58,169,140.94,343.21
23/09/2021 16:00:00,146.83,299.56,170.8,141.83,345.96
24/09/2021 16:00:00,146.92,299.35,171.28,142.63,352.96
27/09/2021 16:00:00,145.37,294.17,170.29,141.5,353.58
28/09/2021 16:00:00,141.91,283.52,165.8,136.18,340.65
29/09/2021 16:00:00,142.83,284,165.06,134.52,339.61
30/09/2021 16:00:00,141.5,281.92,164.25,133.27,339.39
01/10/2021 16:00:00,142.65,289.1,164.16,136.46,343.01
04/10/2021 16:00:00,139.14,283.11,159.49,133.76,326.23
05/10/2021 16:00:00,141.11,288.76,161.05,136.18,332.96
06/10/2021 16:00:00,142,293.11,163.1,137.35,333.64
07/10/2021 16:00:00,143.29,294.85,165.12,139.19,329.22
08/10/2021 16:00:00,142.9,294.85,164.43,140.06,330.05
11/10/2021 16:00:00,142.81,294.23,162.32,138.85,325.45
12/10/2021 16:00:00,141.51,292.88,162.37,136.71,323.77
13/10/2021 16:00:00,140.91,296.31,164.21,137.9,324.54
14/10/2021 16:00:00,143.76,302.75,164.99,141.41,328.53
15/10/2021 16:00:00,144.84,304.21,170.45,141.68,324.76
18/10/2021 16:00:00,146.55,307.29,172.34,142.96,335.34
19/10/2021 16:00:00,148.76,308.23,172.21,143.82,339.99
20/10/2021 16:00:00,149.26,307.41,170.75,142.42,340.78
21/10/2021 16:00:00,149.48,310.76,171.75,142.78,341.88
22/10/2021 16:00:00,148.69,309.16,166.78,138.63,324.61
25/10/2021 16:00:00,148.64,308.13,166.02,138.77,328.69
26/10/2021 16:00:00,149.32,310.11,168.8,139.67,315.81
27/10/2021 16:00:00,148.85,323.17,169.62,146.43,312.22
28/10/2021 16:00:00,152.57,324.35,172.33,146.13,316.92
29/10/2021 16:00:00,149.8,331.62,168.62,148.27,323.57
01/11/2021 16:00:00,148.96,329.37,165.91,143.77,329.98
02/11/2021 16:00:00,150.02,333.13,165.64,145.86,328.08
03/11/2021 16:00:00,151.49,334,169.2,146.79,331.62
04/11/2021 16:00:00,150.96,336.44,173.85,148.68,335.85
05/11/2021 16:00:00,151.28,336.06,175.95,149.24,341.13
08/11/2021 16:00:00,150.44,336.99,174.45,149.35,338.62
09/11/2021 16:00:00,150.81,335.95,178.81,149.25,335.37
10/11/2021 16:00:00,147.92,330.8,174.1,146.63,327.64
11/11/2021 16:00:00,147.87,332.43,173.63,146.75,327.74
12/11/2021 16:00:00,149.99,336.72,176.26,149.65,340.89
15/11/2021 16:00:00,150,336.07,177.28,149.39,347.56
16/11/2021 16:00:00,151,339.51,177.04,149.08,342.96
17/11/2021 16:00:00,153.49,339.12,177.45,149.06,340.77
18/11/2021 16:00:00,157.87,341.27,184.8,150.71,338.69
19/11/2021 16:00:00,160.55,343.11,183.83,149.95,345.3
22/11/2021 16:00:00,161.02,339.83,178.63,147.08,341.01
23/11/2021 16:00:00,161.41,337.68,179,146.76,337.25
24/11/2021 16:00:00,161.94,337.91,179.02,146.72,341.06
26/11/2021 13:00:00,156.81,329.68,175.23,142.81,333.12
29/11/2021 16:00:00,160.24,336.63,178.08,146.11,338.03
30/11/2021 16:00:00,165.3,330.59,175.35,142.45,324.46
01/12/2021 16:00:00,164.77,330.08,172.19,141.62,310.6
02/12/2021 16:00:00,163.76,329.49,171.87,143.78,310.39
03/12/2021 16:00:00,161.84,323.01,169.49,142.52,306.84
06/12/2021 16:00:00,165.32,326.19,171.37,143.8,317.87
07/12/2021 16:00:00,171.18,334.92,176.16,148.04,322.81
08/12/2021 16:00:00,175.08,334.97,176.16,148.72,330.56
09/12/2021 16:00:00,174.56,333.1,174.17,148.11,329.82
10/12/2021 16:00:00,179.45,342.54,172.21,148.68,329.75
13/12/2021 16:00:00,175.74,339.4,169.57,146.7,334.49
14/12/2021 16:00:00,174.33,328.34,169.09,144.97,333.74
15/12/2021 16:00:00,179.3,334.65,173.32,147.37,341.66
16/12/2021 16:00:00,172.26,324.9,168.87,144.84,334.9
17/12/2021 16:00:00,171.14,323.8,170.02,142.8,333.79
20/12/2021 16:00:00,169.75,319.91,167.08,142.4,325.45
21/12/2021 16:00:00,172.99,327.29,170.42,144.22,334.2
22/12/2021 16:00:00,175.64,333.2,171.04,146.95,330.45
23/12/2021 16:00:00,176.28,334.69,171.07,147.14,335.24
27/12/2021 16:00:00,180.33,342.45,169.67,148.06,346.18
28/12/2021 16:00:00,179.29,341.25,170.66,146.45,346.22
29/12/2021 16:00:00,179.38,341.95,169.2,146.5,342.94
30/12/2021 16:00:00,178.2,339.32,168.64,146,344.36
31/12/2021 16:00:00,177.57,336.32,166.72,144.68,336.35
03/01/2022 16:00:00,182.01,334.75,170.4,145.07,338.54
04/01/2022 16:00:00,179.7,329.01,167.52,144.42,336.53
05/01/2022 16:00:00,174.92,316.38,164.36,137.65,324.17
06/01/2022 16:00:00,172,313.88,163.25,137.55,332.46
07/01/2022 16:00:00,172.17,314.04,162.55,137,331.79
10/01/2022 16:00:00,172.19,314.27,161.49,138.57,328.07
11/01/2022 16:00:00,175.08,314.98,165.36,140.02,334.37
12/01/2022 16:00:00,175.53,318.27,165.21,141.65,333.26
13/01/2022 16:00:00,172.19,304.8,161.21,139.13,326.48
14/01/2022 16:00:00,173.07,310.2,162.14,139.79,331.9
18/01/2022 16:00:00,169.8,302.65,158.92,136.29,318.15
19/01/2022 16:00:00,166.23,303.33,156.3,135.65,319.59
20/01/2022 16:00:00,164.51,301.6,151.67,133.51,316.56
21/01/2022 16:00:00,162.41,296.03,142.64,130.09,303.17
24/01/2022 16:00:00,161.62,296.37,144.54,130.37,308.71
25/01/2022 16:00:00,159.78,288.49,139.99,126.74,300.15
26/01/2022 16:00:00,159.69,296.71,138.87,129.24,294.63
27/01/2022 16:00:00,159.22,299.84,139.64,129.12,294.64
28/01/2022 16:00:00,170.33,308.26,143.98,133.29,301.71
31/01/2022 16:00:00,174.78,310.98,149.57,135.7,313.26
01/02/2022 16:00:00,174.61,308.76,151.19,137.88,319
02/02/2022 16:00:00,175.84,313.46,150.61,148.04,323
03/02/2022 16:00:00,172.9,301.25,138.85,142.65,237.76
04/02/2022 16:00:00,172.39,305.94,157.64,143.02,237.09
07/02/2022 16:00:00,171.66,300.95,157.94,138.94,224.91
08/02/2022 16:00:00,174.83,304.56,161.41,139.21,220.18
09/02/2022 16:00:00,176.28,311.21,161.19,141.45,232
10/02/2022 16:00:00,172.12,302.38,159,138.6,228.07
11/02/2022 16:00:00,168.64,295.04,153.29,134.13,219.55
14/02/2022 16:00:00,168.88,295,155.17,135.3,217.7
15/02/2022 16:00:00,172.79,300.47,156.51,136.43,221
16/02/2022 16:00:00,172.55,299.5,158.1,137.49,216.54
17/02/2022 16:00:00,168.88,290.73,154.65,132.31,207.71
18/02/2022 16:00:00,167.3,287.93,152.6,130.47,206.16
22/02/2022 16:00:00,164.32,287.72,150.2,129.4,202.08
23/02/2022 16:00:00,160.07,280.27,144.83,127.59,198.45
24/02/2022 16:00:00,162.74,294.59,151.36,132.67,207.6
25/02/2022 16:00:00,164.85,297.31,153.79,134.52,210.48
28/02/2022 16:00:00,165.12,298.79,153.56,134.89,211.03
01/03/2022 16:00:00,163.2,294.95,151.14,134.17,203.49
02/03/2022 16:00:00,166.56,300.19,152.05,134.75,208.11
03/03/2022 16:00:00,166.23,295.92,147.9,134.31,202.97
04/03/2022 16:00:00,163.17,289.86,145.64,132.12,200.06
07/03/2022 16:00:00,159.3,278.91,137.45,126.46,187.47
08/03/2022 16:00:00,157.44,275.85,136.01,127.28,190.29
09/03/2022 16:00:00,162.95,288.5,139.28,133.87,198.5
10/03/2022 16:00:00,158.52,285.59,146.82,132.68,195.21
11/03/2022 16:00:00,154.73,280.07,145.52,130.48,187.61
14/03/2022 16:00:00,150.62,276.44,141.85,126.74,186.63
15/03/2022 16:00:00,155.09,287.15,147.37,129.66,192.03
16/03/2022 16:00:00,159.59,294.39,153.1,133.69,203.63
17/03/2022 16:00:00,160.62,295.22,157.24,134.6,207.84
18/03/2022 16:00:00,163.98,300.43,161.25,136.8,216.49
21/03/2022 16:00:00,165.38,299.16,161.49,136.48,211.49
22/03/2022 16:00:00,168.82,304.06,164.89,140.28,216.65
23/03/2022 16:00:00,170.21,299.49,163.41,138.5,213.46
24/03/2022 16:00:00,174.07,304.1,163.65,141.31,219.57
25/03/2022 16:00:00,174.72,303.68,164.77,141.52,221.82
28/03/2022 16:00:00,175.6,310.7,168.99,141.95,223.59
29/03/2022 16:00:00,178.96,315.41,169.32,143.25,229.86
30/03/2022 16:00:00,177.77,313.86,166.3,142.64,227.85
31/03/2022 16:00:00,174.61,308.31,163,139.65,222.36
01/04/2022 16:00:00,174.31,309.42,163.56,140.7,224.85
04/04/2022 16:00:00,178.44,314.97,168.35,143.64,233.89
05/04/2022 16:00:00,175.06,310.88,164.06,141.06,231.84
06/04/2022 16:00:00,171.83,299.5,158.76,137.18,223.3
07/04/2022 16:00:00,172.14,301.37,157.78,136.47,222.95
08/04/2022 16:00:00,170.09,296.97,154.46,134.01,222.33
11/04/2022 16:00:00,165.75,285.26,151.12,129.8,216.46
12/04/2022 16:00:00,167.66,282.06,150.79,128.37,214.14
13/04/2022 16:00:00,170.4,287.62,155.54,130.29,214.99
14/04/2022 16:00:00,165.29,279.83,151.71,127.25,210.18
18/04/2022 16:00:00,165.07,280.52,152.79,127.96,210.77
19/04/2022 16:00:00,167.4,285.3,158.12,130.53,217.31
20/04/2022 16:00:00,167.23,286.36,154,128.25,200.42
21/04/2022 16:00:00,166.42,280.81,148.3,124.94,188.07
22/04/2022 16:00:00,161.79,274.03,144.35,119.61,184.11
25/04/2022 16:00:00,162.88,280.72,146.07,123.25,186.99
26/04/2022 16:00:00,156.8,270.22,139.39,119.51,180.95
27/04/2022 16:00:00,156.57,283.22,138.17,115.02,174.95
28/04/2022 16:00:00,163.64,289.63,144.6,119.41,205.73
29/04/2022 16:00:00,157.65,277.52,124.28,114.97,200.47
02/05/2022 16:00:00,157.96,284.47,124.5,117.16,211.13
03/05/2022 16:00:00,159.48,281.78,124.25,118.13,212.03
04/05/2022 16:00:00,166.02,289.98,125.93,122.58,223.41
05/05/2022 16:00:00,156.77,277.35,116.41,116.75,208.28
06/05/2022 16:00:00,157.28,274.73,114.77,115.66,203.77
09/05/2022 16:00:00,152.06,264.58,108.79,113.08,196.21
10/05/2022 16:00:00,154.51,269.5,108.86,114.58,197.65
11/05/2022 16:00:00,146.5,260.55,105.37,113.96,188.74
12/05/2022 16:00:00,142.56,255.35,106.93,113.16,191.24
13/05/2022 16:00:00,147.11,261.12,113.06,116.52,198.62
16/05/2022 16:00:00,145.54,261.5,110.81,114.79,200.04
17/05/2022 16:00:00,149.24,266.82,115.37,116.7,202.62
18/05/2022 16:00:00,140.82,254.08,107.11,112.4,192.24
19/05/2022 16:00:00,137.35,253.14,107.32,110.75,191.29
20/05/2022 16:00:00,137.59,252.56,107.59,109.31,193.54
23/05/2022 16:00:00,143.11,260.65,107.56,111.67,196.23
24/05/2022 16:00:00,140.36,259.62,104.1,105.93,181.28
25/05/2022 16:00:00,140.52,262.52,106.78,105.84,183.83
26/05/2022 16:00:00,143.78,265.9,111.08,108.3,191.63
27/05/2022 16:00:00,149.64,273.24,115.15,112.8,195.13
31/05/2022 16:00:00,148.84,271.87,120.21,114.04,193.64
01/06/2022 16:00:00,148.71,272.42,121.68,114.14,188.64
02/06/2022 16:00:00,151.21,274.58,125.51,117.75,198.86
03/06/2022 16:00:00,145.38,270.02,122.35,114.56,190.78
06/06/2022 16:00:00,146.14,268.75,124.79,117.01,194.25
07/06/2022 16:00:00,148.71,272.5,123,117.23,195.65
08/06/2022 16:00:00,147.96,270.41,121.18,117.24,196.64
09/06/2022 16:00:00,142.64,264.79,116.15,114.92,184
10/06/2022 16:00:00,137.13,252.99,109.65,111.43,175.57
13/06/2022 16:00:00,131.88,242.26,103.67,106.88,164.26
14/06/2022 16:00:00,132.76,244.49,102.31,107.19,163.73
15/06/2022 16:00:00,135.43,251.76,107.67,110.39,169.35
16/06/2022 16:00:00,130.06,244.97,103.66,106.64,160.87
17/06/2022 16:00:00,131.56,247.65,106.22,107.87,163.74
21/06/2022 16:00:00,135.87,253.74,108.68,112.02,157.05
22/06/2022 16:00:00,135.35,253.13,108.95,112.03,155.85
23/06/2022 16:00:00,138.27,258.86,112.44,112.68,158.75
24/06/2022 16:00:00,141.66,267.7,116.46,118.54,170.16
27/06/2022 16:00:00,141.66,264.89,113.22,116.62,169.49
28/06/2022 16:00:00,137.44,256.48,107.4,112.57,160.68
29/06/2022 16:00:00,139.23,260.26,108.92,112.26,163.94
30/06/2022 16:00:00,136.72,256.83,106.21,109.37,161.25
01/07/2022 16:00:00,138.93,259.58,109.56,109.08,160.03
05/07/2022 16:00:00,141.56,262.85,113.5,113.89,168.19
06/07/2022 16:00:00,142.92,266.21,114.33,115.21,169.77
07/07/2022 16:00:00,146.35,268.4,116.33,119.31,172.19
08/07/2022 16:00:00,147.04,267.66,115.54,120.17,170.88
11/07/2022 16:00:00,144.87,264.51,111.75,116.52,162.88
12/07/2022 16:00:00,145.86,253.67,109.22,114.85,163.27
13/07/2022 16:00:00,145.49,252.72,110.4,112.19,163.49
14/07/2022 16:00:00,148.47,254.08,110.63,111.44,158.05
15/07/2022 16:00:00,150.17,256.72,113.55,112.77,164.7
18/07/2022 16:00:00,147.07,254.25,113.76,109.91,167.23
19/07/2022 16:00:00,151,259.53,118.21,114.62,175.78
20/07/2022 16:00:00,153.04,262.27,122.77,114.7,183.09
21/07/2022 16:00:00,155.35,264.84,124.63,115.04,183.17
22/07/2022 16:00:00,154.09,260.36,122.42,108.36,169.27
25/07/2022 16:00:00,152.95,258.83,121.14,108.21,166.65
26/07/2022 16:00:00,151.6,251.9,114.81,105.44,159.15
27/07/2022 16:00:00,156.79,268.74,120.97,113.6,169.58
28/07/2022 16:00:00,157.35,276.41,122.28,114.59,160.72
29/07/2022 16:00:00,162.51,280.74,134.95,116.64,159.1
01/08/2022 16:00:00,161.51,278.01,135.39,115.48,159.93
02/08/2022 16:00:00,160.01,274.82,134.16,115.9,160.19
03/08/2022 16:00:00,166.13,282.47,139.52,118.78,168.8
04/08/2022 16:00:00,165.81,283.65,142.57,118.87,170.57
05/08/2022 16:00:00,165.35,282.91,140.8,118.22,167.11
08/08/2022 16:00:00,164.87,280.32,139.41,118.14,170.25
09/08/2022 16:00:00,164.92,282.3,137.83,117.5,168.53
10/08/2022 16:00:00,169.24,289.16,142.69,120.65,178.34
11/08/2022 16:00:00,168.49,287.02,140.64,119.82,177.49
12/08/2022 16:00:00,172.1,291.91,143.55,122.65,180.5
15/08/2022 16:00:00,173.19,293.47,143.18,122.88,180.89
16/08/2022 16:00:00,173.03,292.71,144.78,122.51,179.47
17/08/2022 16:00:00,174.55,291.32,142.1,120.32,174.85
18/08/2022 16:00:00,174.15,290.17,142.3,120.86,174.66
19/08/2022 16:00:00,171.52,286.15,138.23,118.12,167.96
22/08/2022 16:00:00,167.57,277.75,133.22,115.07,163.05
23/08/2022 16:00:00,167.23,276.44,133.62,114.77,161.11
24/08/2022 16:00:00,167.53,275.79,133.8,114.7,163.26
25/08/2022 16:00:00,170.03,278.85,137.28,117.7,168.78
26/08/2022 16:00:00,163.62,268.09,130.75,111.3,161.78
29/08/2022 16:00:00,161.38,265.23,129.79,110.34,159.17
30/08/2022 16:00:00,158.91,262.97,128.73,109.91,157.16
31/08/2022 16:00:00,157.22,261.47,126.77,109.15,162.93
01/09/2022 16:00:00,157.96,260.4,127.82,110.55,165.36
02/09/2022 16:00:00,155.81,256.06,127.51,108.68,160.32
06/09/2022 16:00:00,154.53,253.25,126.11,107.48,158.54
07/09/2022 16:00:00,155.96,258.09,129.48,110.48,160.39
08/09/2022 16:00:00,154.46,258.52,129.82,109.42,162.06
09/09/2022 16:00:00,157.37,264.46,133.27,111.78,169.15
12/09/2022 16:00:00,163.43,266.65,136.45,111.87,168.96
13/09/2022 16:00:00,153.84,251.99,126.82,105.31,153.13
14/09/2022 16:00:00,155.31,252.22,128.55,105.87,151.47
15/09/2022 16:00:00,152.37,245.38,126.28,103.9,149.55
16/09/2022 16:00:00,150.7,244.74,123.53,103.63,146.29
19/09/2022 16:00:00,154.48,244.52,124.66,103.85,148.02
20/09/2022 16:00:00,156.9,242.45,122.19,101.83,146.09
21/09/2022 16:00:00,153.72,238.95,118.54,100.01,142.12
22/09/2022 16:00:00,152.74,240.98,117.31,100.57,142.82
23/09/2022 16:00:00,150.43,237.92,113.78,99.17,140.41
26/09/2022 16:00:00,150.77,237.45,115.15,98.81,136.37
27/09/2022 16:00:00,151.76,236.41,114.41,98.09,134.4
28/09/2022 16:00:00,149.84,241.07,118.01,100.74,141.61
29/09/2022 16:00:00,142.48,237.5,114.8,98.09,136.41
30/09/2022 16:00:00,138.2,232.9,113,96.15,135.68
03/10/2022 16:00:00,142.45,240.74,115.88,99.3,138.61
04/10/2022 16:00:00,146.1,248.88,121.09,102.41,140.28
05/10/2022 16:00:00,146.4,249.2,120.95,102.22,138.98
06/10/2022 16:00:00,145.43,246.79,120.3,102.24,139.07
07/10/2022 16:00:00,140.09,234.24,114.56,99.57,133.45
10/10/2022 16:00:00,140.42,229.25,113.67,98.71,133.79
11/10/2022 16:00:00,138.98,225.41,112.21,98.05,128.54
12/10/2022 16:00:00,138.34,225.75,112.9,98.3,127.5
13/10/2022 16:00:00,142.99,234.24,112.53,99.71,130.29
14/10/2022 16:00:00,138.38,228.56,106.9,97.18,126.76
17/10/2022 16:00:00,142.41,237.53,113.79,100.78,134.04
18/10/2022 16:00:00,143.75,238.5,116.36,101.39,132.8
19/10/2022 16:00:00,143.86,236.48,115.07,100.29,133.23
20/10/2022 16:00:00,143.39,236.15,115.25,100.53,131.53
21/10/2022 16:00:00,147.27,242.12,119.32,101.48,130.01
24/10/2022 16:00:00,149.45,247.25,119.82,102.97,129.72
25/10/2022 16:00:00,152.34,250.66,120.6,104.93,137.51
26/10/2022 16:00:00,149.35,231.32,115.66,94.82,129.82
27/10/2022 16:00:00,144.8,226.75,110.96,92.6,97.94
28/10/2022 16:00:00,155.74,235.87,103.41,96.58,99.2
31/10/2022 16:00:00,153.34,232.13,102.44,94.66,93.16
01/11/2022 16:00:00,150.65,228.17,96.79,90.5,95.2
02/11/2022 16:00:00,145.03,220.1,92.12,87.07,90.54
03/11/2022 16:00:00,138.88,214.25,89.3,83.49,88.91
04/11/2022 16:00:00,138.38,221.39,90.98,86.7,90.79
07/11/2022 16:00:00,138.92,227.87,90.53,88.65,96.72
08/11/2022 16:00:00,139.5,228.87,89.98,88.91,96.47
09/11/2022 16:00:00,134.87,224.51,86.14,87.4,101.47
10/11/2022 16:00:00,146.87,242.98,96.63,94.17,111.87
11/11/2022 16:00:00,149.7,247.11,100.79,96.73,113.02
14/11/2022 16:00:00,148.28,241.55,98.49,96.03,114.22
15/11/2022 16:00:00,150.04,241.97,98.94,98.72,117.08
16/11/2022 16:00:00,148.79,241.73,97.12,98.99,113.23
17/11/2022 16:00:00,150.72,241.68,94.85,98.5,111.45
18/11/2022 16:00:00,151.29,241.22,94.14,97.8,112.05
21/11/2022 16:00:00,148.01,242.05,92.46,95.83,109.86
22/11/2022 16:00:00,150.18,245.03,93.2,97.33,111.44
23/11/2022 16:00:00,151.07,247.58,94.13,98.82,112.24
25/11/2022 13:05:00,148.11,247.49,93.41,97.6,111.41
28/11/2022 16:00:00,144.22,241.76,93.95,96.25,108.78
29/11/2022 16:00:00,141.17,240.33,92.42,95.44,109.46
30/11/2022 16:00:00,148.03,255.14,96.54,101.45,118.1
01/12/2022 16:00:00,148.31,254.69,95.5,101.28,120.44
02/12/2022 16:00:00,147.81,255.02,94.13,100.83,123.49
05/12/2022 16:00:00,146.63,250.2,91.01,99.87,122.43
06/12/2022 16:00:00,142.91,245.12,88.25,97.31,114.12
07/12/2022 16:00:00,140.94,244.37,88.46,95.15,113.93
08/12/2022 16:00:00,142.65,247.4,90.35,93.95,115.33
09/12/2022 16:00:00,142.16,245.42,89.09,93.07,115.9
12/12/2022 16:00:00,144.49,252.51,90.55,93.56,114.71
13/12/2022 16:00:00,145.47,256.92,92.49,95.85,120.15
14/12/2022 16:00:00,143.21,257.22,91.58,95.31,121.59
15/12/2022 16:00:00,136.5,249.01,88.45,91.2,116.15
16/12/2022 16:00:00,134.51,244.69,87.86,90.86,119.43
19/12/2022 16:00:00,132.37,240.45,84.92,89.15,114.48
20/12/2022 16:00:00,132.3,241.8,85.19,89.63,117.09
21/12/2022 16:00:00,135.45,244.43,86.77,90.25,119.76
22/12/2022 16:00:00,132.23,238.19,83.79,88.26,117.12
23/12/2022 16:00:00,131.86,238.73,85.25,89.81,118.04
27/12/2022 16:00:00,130.03,236.96,83.04,87.93,116.88
28/12/2022 16:00:00,126.04,234.53,81.82,86.46,115.62
29/12/2022 16:00:00,129.61,241.01,84.18,88.95,120.26
30/12/2022 16:00:00,129.93,239.82,84,88.73,120.34