date,BND,VOO,BLV,VEA,VYM
1/2/2018 16:00:00,81.34,247.09,94.18,45.25,85.92
1/3/2018 16:00:00,81.41,248.56,94.53,45.53,86.2
1/4/2018 16:00:00,81.37,249.65,94.62,45.94,86.58
1/5/2018 16:00:00,81.26,251.25,94.4,46.16,86.97
1/8/2018 16:00:00,81.27,251.77,94.38,46.14,87.13
1/9/2018 16:00:00,81.03,252.3,93.47,46.18,87.28
1/10/2018 16:00:00,81.04,251.87,93.57,46.06,87.13
1/11/2018 16:00:00,81.04,253.73,94,46.36,87.71
1/12/2018 16:00:00,81.03,255.41,94.17,46.8,88.2
1/16/2018 16:00:00,81.09,254.48,94.34,46.75,87.95
1/17/2018 16:00:00,81,256.94,94.16,47,88.88
1/18/2018 16:00:00,80.84,256.59,93.53,46.89,88.59
1/19/2018 16:00:00,80.67,257.68,93,47.1,88.88
1/22/2018 16:00:00,80.61,259.75,93.05,47.35,89.63
1/23/2018 16:00:00,80.82,260.34,93.51,47.5,89.53
1/24/2018 16:00:00,80.73,260.21,93.1,47.65,89.49
1/25/2018 16:00:00,80.95,260.33,93.92,47.48,89.62
1/26/2018 16:00:00,80.8,263.36,93.63,47.88,90.91
1/29/2018 16:00:00,80.69,261.54,93.23,47.44,90.32
1/30/2018 16:00:00,80.54,258.75,92.72,47.08,89.18
1/31/2018 16:00:00,80.56,258.99,93.02,46.99,89.15
2/1/2018 16:00:00,80.16,258.73,91.81,47.11,89.07
2/2/2018 16:00:00,79.92,253.19,91.15,46.09,87.18
2/5/2018 16:00:00,80.27,242.79,91.57,44.21,83.49
2/6/2018 16:00:00,80.01,247.28,90.96,45.07,84.68
2/7/2018 16:00:00,79.83,245.93,90.41,44.46,84.51
2/8/2018 16:00:00,79.77,236.79,90.09,43.36,81.65
2/9/2018 16:00:00,79.57,240.44,89.37,43.66,82.92
2/12/2018 16:00:00,79.59,243.74,89.66,44.24,83.89
2/13/2018 16:00:00,79.66,244.56,89.72,44.07,84.17
2/14/2018 16:00:00,79.4,247.76,89.19,44.94,84.96
2/15/2018 16:00:00,79.48,250.97,89.64,45.23,85.97
2/16/2018 16:00:00,79.65,250.94,89.98,45.39,86.08
2/20/2018 16:00:00,79.57,249.42,89.56,44.93,85.25
2/21/2018 16:00:00,79.27,248.11,88.85,44.76,84.62
2/22/2018 16:00:00,79.37,248.41,88.88,44.95,84.73
2/23/2018 16:00:00,79.58,252.49,89.54,45.4,86.12
2/26/2018 16:00:00,79.62,255.4,89.66,45.76,87.14
2/27/2018 16:00:00,79.45,252.14,89.54,45.06,86.08
2/28/2018 16:00:00,79.55,249.34,89.83,44.59,84.94
3/1/2018 16:00:00,79.52,246.05,89.75,44.01,84.01
3/2/2018 16:00:00,79.37,247.36,89.1,44.14,84.33
3/5/2018 16:00:00,79.32,250.2,89.2,44.32,85.3
3/6/2018 16:00:00,79.35,250.83,89.38,44.69,85.35
3/7/2018 16:00:00,79.33,250.72,89.17,44.64,85.18
3/8/2018 16:00:00,79.42,251.89,89.46,44.77,85.6
3/9/2018 16:00:00,79.32,256.25,88.99,45.1,86.89
3/12/2018 16:00:00,79.4,256,89.26,45.17,86.64
3/13/2018 16:00:00,79.42,254.31,89.53,44.89,86.2
3/14/2018 16:00:00,79.59,252.97,90.02,44.96,85.6
3/15/2018 16:00:00,79.6,252.73,90.19,44.95,85.51
3/16/2018 16:00:00,79.53,252.99,89.96,44.89,85.75
3/19/2018 16:00:00,79.47,249.61,89.7,44.52,84.69
3/20/2018 16:00:00,79.37,250.05,89.44,44.56,84.74
3/21/2018 16:00:00,79.37,249.47,89.24,44.67,84.7
3/22/2018 16:00:00,79.5,243.27,89.64,43.85,82.56
3/23/2018 16:00:00,79.52,238.09,89.34,43.31,80.94
3/26/2018 16:00:00,79.47,243.53,89.38,43.92,82.37
3/27/2018 16:00:00,79.74,239.31,90.3,43.56,81.44
3/28/2018 16:00:00,79.73,238.64,90.41,43.77,81.53
3/29/2018 16:00:00,79.93,242.08,90.91,44.25,82.49
4/2/2018 16:00:00,79.72,236.48,90.69,43.59,80.64
4/3/2018 16:00:00,79.63,239.48,90.24,43.93,81.77
4/4/2018 16:00:00,79.63,242.24,90.2,44.03,82.72
4/5/2018 16:00:00,79.52,243.99,89.82,44.36,83.25
4/6/2018 16:00:00,79.72,238.62,90.42,44,81.58
4/9/2018 16:00:00,79.8,239.59,90.55,44.38,81.89
4/10/2018 16:00:00,79.66,243.54,90.53,44.87,83.24
4/11/2018 16:00:00,79.72,242.25,90.72,44.66,82.8
4/12/2018 16:00:00,79.57,244.28,90.26,44.83,83.35
4/13/2018 16:00:00,79.63,243.6,90.4,44.87,83.18
4/16/2018 16:00:00,79.64,245.58,90.37,44.95,83.87
4/17/2018 16:00:00,79.67,248.22,90.59,45.18,84.4
4/18/2018 16:00:00,79.41,248.36,89.91,45.45,84.29
4/19/2018 16:00:00,79.22,247,89.23,45.24,83.65
4/20/2018 16:00:00,79.02,245,88.6,45.02,83.13
4/23/2018 16:00:00,78.98,244.89,88.56,44.97,83.31
4/24/2018 16:00:00,78.84,241.55,88.16,44.77,82.5
4/25/2018 16:00:00,78.73,242.17,87.7,44.67,82.67
4/26/2018 16:00:00,78.89,244.66,88.09,45,83.32
4/27/2018 16:00:00,79.01,244.92,88.61,45.05,83.41
4/30/2018 16:00:00,79.05,242.92,88.62,44.81,82.6
5/1/2018 16:00:00,78.75,243.44,87.98,44.77,82.44
5/2/2018 16:00:00,78.76,241.78,87.87,44.71,81.65
5/3/2018 16:00:00,78.83,241.21,88.01,44.8,81.63
5/4/2018 16:00:00,78.88,244.41,88.06,44.97,82.51
5/7/2018 16:00:00,78.84,245.17,87.93,44.96,82.67
5/8/2018 16:00:00,78.78,245.16,87.78,44.96,82.5
5/9/2018 16:00:00,78.69,247.54,87.56,45.1,83.28
5/10/2018 16:00:00,78.85,249.86,88.22,45.42,84.04
5/11/2018 16:00:00,78.93,250.47,88.41,45.51,84.28
5/14/2018 16:00:00,78.83,250.75,88.16,45.59,84.42
5/15/2018 16:00:00,78.46,249.03,87.21,45.21,84.02
5/16/2018 16:00:00,78.4,250.09,86.93,45.35,84.39
5/17/2018 16:00:00,78.33,249.88,86.61,45.41,84.31
5/18/2018 16:00:00,78.54,249.26,87.02,45.25,84.1
5/21/2018 16:00:00,78.54,251.09,87.09,45.54,84.78
5/22/2018 16:00:00,78.56,250.37,87.03,45.51,84.56
5/23/2018 16:00:00,78.8,251.15,87.51,45.08,84.74
5/24/2018 16:00:00,78.96,250.67,88.06,44.93,84.52
5/25/2018 16:00:00,79.13,250.04,88.54,44.68,84.23
5/29/2018 16:00:00,79.68,247.15,89.88,43.78,83.33
5/30/2018 16:00:00,79.44,250.41,89.22,44.41,84.57
5/31/2018 16:00:00,79.44,248.79,89.22,44.17,83.92
6/1/2018 16:00:00,79.09,251.41,88.64,44.5,84.63
6/4/2018 16:00:00,78.92,252.52,87.92,44.7,84.93
6/5/2018 16:00:00,78.99,252.87,88.2,44.65,84.96
6/6/2018 16:00:00,78.77,254.89,87.62,45.03,85.56
6/7/2018 16:00:00,78.97,254.77,88.16,44.77,85.7
6/8/2018 16:00:00,78.87,255.57,87.82,44.85,85.98
6/11/2018 16:00:00,78.8,255.9,87.71,45.14,85.99
6/12/2018 16:00:00,78.79,256.33,87.74,44.86,85.95
6/13/2018 16:00:00,78.74,255.31,87.75,44.88,85.41
6/14/2018 16:00:00,78.91,256.05,88.33,44.77,85.42
6/15/2018 16:00:00,78.92,255.83,88.34,44.46,85.34
6/18/2018 16:00:00,78.92,255.22,88.19,44.15,84.84
6/19/2018 16:00:00,79.05,254.25,88.38,43.67,84.65
6/20/2018 16:00:00,78.87,254.71,87.72,43.76,84.63
6/21/2018 16:00:00,78.91,253.12,87.8,43.46,84.07
6/22/2018 16:00:00,78.96,253.57,87.88,43.38,83.86
6/25/2018 16:00:00,78.95,250.06,87.87,42.77,83.19
6/26/2018 16:00:00,79.08,250.61,88.07,42.82,83.08
6/27/2018 16:00:00,79.27,248.53,88.71,42.43,82.62
6/28/2018 16:00:00,79.21,248.88,88.8,42.58,82.97
6/29/2018 16:00:00,79.19,249.51,88.64,42.9,83.05
7/2/2018 16:00:00,78.96,249.8,88.19,42.44,83.01
7/3/2018 13:00:00,79.12,248.79,88.75,42.53,82.99
7/5/2018 16:00:00,79.23,250.92,89.07,42.8,83.66
7/6/2018 16:00:00,79.32,253.01,89.51,43.09,84.2
7/9/2018 16:00:00,79.25,255.25,89.29,43.48,84.68
7/10/2018 16:00:00,79.2,256.14,89.27,43.53,85.26
7/11/2018 16:00:00,79.24,254.39,89.47,42.77,84.46
7/12/2018 16:00:00,79.3,256.57,89.52,43.13,84.83
7/13/2018 16:00:00,79.37,256.79,89.85,43.25,84.76
7/16/2018 16:00:00,79.26,256.63,89.56,43.26,84.82
7/17/2018 16:00:00,79.23,257.73,89.38,43.31,85.01
7/18/2018 16:00:00,79.19,258.2,89.1,43.33,85.07
7/19/2018 16:00:00,79.34,257.22,89.54,43.15,84.85
7/20/2018 16:00:00,79.16,256.98,88.71,43.41,84.63
7/23/2018 16:00:00,78.91,257.47,87.92,43.34,84.7
7/24/2018 16:00:00,79.03,258.68,88.35,43.61,85.18
7/25/2018 16:00:00,79.03,261.05,88.33,43.94,85.66
7/26/2018 16:00:00,79.03,260.28,88.48,43.76,86.08
7/27/2018 16:00:00,79.01,258.59,88.6,43.87,85.88
7/30/2018 16:00:00,78.92,257.1,88.33,43.84,86.02
7/31/2018 16:00:00,78.98,258.4,88.72,43.88,86.45
8/1/2018 16:00:00,78.75,258.08,87.85,43.73,85.9
8/2/2018 16:00:00,78.79,259.39,87.96,43.4,86.01
8/3/2018 16:00:00,78.96,260.66,88.36,43.46,86.64
8/6/2018 16:00:00,79.03,261.64,88.48,43.25,86.77
8/7/2018 16:00:00,78.89,262.37,88.17,43.52,86.96
8/8/2018 16:00:00,78.87,262.23,88.05,43.51,86.78
8/9/2018 16:00:00,79.02,261.9,88.38,43.43,86.61
8/10/2018 16:00:00,79.18,260.12,88.73,42.61,86.08
8/13/2018 16:00:00,79.19,259.14,88.52,42.4,85.71
8/14/2018 16:00:00,79.14,260.81,88.56,42.46,86.14
8/15/2018 16:00:00,79.23,258.89,88.92,41.81,85.81
8/16/2018 16:00:00,79.27,260.99,89.07,42.1,86.85
8/17/2018 16:00:00,79.36,261.86,89.19,42.38,87.33
8/20/2018 16:00:00,79.46,262.44,89.57,42.56,87.51
8/21/2018 16:00:00,79.42,263.01,89.4,42.84,87.62
8/22/2018 16:00:00,79.47,262.93,89.61,43.05,87.33
8/23/2018 16:00:00,79.47,262.55,89.58,42.73,87.06
8/24/2018 16:00:00,79.51,264.2,89.78,43.05,87.44
8/27/2018 16:00:00,79.41,266.19,89.35,43.64,87.91
8/28/2018 16:00:00,79.29,266.34,88.96,43.54,87.82
8/29/2018 16:00:00,79.24,267.8,89.03,43.78,87.98
8/30/2018 16:00:00,79.3,266.71,89.08,43.39,87.52
8/31/2018 16:00:00,79.32,266.72,88.85,43.12,87.41
9/4/2018 16:00:00,79.01,266.35,88.2,42.69,87.28
9/5/2018 16:00:00,79.03,265.6,88.02,42.37,87.75
9/6/2018 16:00:00,79.15,264.82,88.33,42.22,87.59
9/7/2018 16:00:00,78.9,264.18,87.84,41.88,87.37
9/10/2018 16:00:00,78.95,264.68,88.08,42.11,87.55
9/11/2018 16:00:00,78.78,265.68,87.68,42.17,87.45
9/12/2018 16:00:00,78.84,265.71,88.03,42.35,87.58
9/13/2018 16:00:00,78.89,267.22,88.15,42.62,87.98
9/14/2018 16:00:00,78.76,267.36,87.89,42.71,88.04
9/17/2018 16:00:00,78.75,265.85,87.87,42.75,88.04
9/18/2018 16:00:00,78.57,267.3,87.06,43.19,88.34
9/19/2018 16:00:00,78.45,267.6,86.72,43.34,88.41
9/20/2018 16:00:00,78.55,269.75,87.2,43.81,89.14
9/21/2018 16:00:00,78.6,269.56,87.21,43.82,89.34
9/24/2018 16:00:00,78.5,268.66,87.02,43.63,88.61
9/25/2018 16:00:00,78.44,268.33,86.82,43.84,88.12
9/26/2018 16:00:00,78.64,266.34,87.44,43.7,87.05
9/27/2018 16:00:00,78.7,267.08,87.62,43.58,87.05
9/28/2018 16:00:00,78.7,267.05,87.43,43.27,87.09
10/1/2018 16:00:00,78.37,268.04,86.83,43.38,87.48
10/2/2018 16:00:00,78.51,268.01,87.15,43.1,87.86
10/3/2018 16:00:00,78.11,268.24,86.08,43.03,87.9
10/4/2018 16:00:00,77.91,266.04,85.57,42.48,87.81
10/5/2018 16:00:00,77.77,264.54,84.89,42.27,87.55
10/8/2018 16:00:00,77.74,264.47,84.6,42.04,87.98
10/9/2018 16:00:00,77.89,264.13,85.24,41.89,87.7
10/10/2018 16:00:00,77.83,255.6,84.91,40.94,85.75
10/11/2018 16:00:00,78.05,250.22,85.63,40.37,83.38
10/12/2018 16:00:00,78.03,253.6,85.58,40.57,83.81
10/15/2018 16:00:00,78.01,252.21,85.39,40.5,83.71
10/16/2018 16:00:00,78.07,257.58,85.62,41.2,84.95
10/17/2018 16:00:00,77.93,257.67,85.11,40.95,85.23
10/18/2018 16:00:00,77.88,254.05,84.98,40.3,84.46
10/19/2018 16:00:00,77.84,253.85,84.8,40.51,84.54
10/22/2018 16:00:00,77.81,252.8,84.68,40.32,83.95
10/23/2018 16:00:00,77.92,251.28,84.75,39.91,83.5
10/24/2018 16:00:00,78.13,243.78,85.15,38.81,81.66
10/25/2018 16:00:00,78.04,248.15,84.95,39.24,82.45
10/26/2018 16:00:00,78.18,243.76,85.17,38.91,81.4
10/29/2018 16:00:00,78.11,242.5,85,38.75,81.71
10/30/2018 16:00:00,78,246.21,84.64,39.23,83.13
10/31/2018 16:00:00,77.84,248.79,84.34,39.55,83.26
11/1/2018 16:00:00,77.79,251.37,84.16,40.07,83.89
11/2/2018 16:00:00,77.5,249.81,83.53,40.18,83.63
11/5/2018 16:00:00,77.56,251.23,83.79,40.16,84.47
11/6/2018 16:00:00,77.55,252.82,83.96,40.37,85.02
11/7/2018 16:00:00,77.62,258.16,84.3,40.87,86.18
11/8/2018 16:00:00,77.49,257.72,84.03,40.46,86.13
11/9/2018 16:00:00,77.68,255.34,84.36,40.17,85.75
11/12/2018 16:00:00,77.8,250.41,84.5,39.48,84.74
11/13/2018 16:00:00,77.76,249.99,84.32,39.63,84.56
11/14/2018 16:00:00,77.82,248.28,84.05,39.67,84.1
11/15/2018 16:00:00,77.83,250.85,84.02,39.8,84.84
11/16/2018 16:00:00,78,251.49,84.05,39.84,85.29
11/19/2018 16:00:00,78,247.32,84.23,39.51,84.93
11/20/2018 16:00:00,77.95,242.77,84.17,38.78,83.48
11/21/2018 16:00:00,78.03,243.58,84.35,39.35,83.35
11/23/2018 13:00:00,78.02,242.01,84.37,39.09,82.85
11/26/2018 16:00:00,77.96,245.8,84.4,39.62,83.84
11/27/2018 16:00:00,78.01,246.57,84.26,39.5,84.2
11/28/2018 16:00:00,78.05,252.33,84.08,40.08,85.43
11/29/2018 16:00:00,78.11,251.81,84.25,39.89,85.39
11/30/2018 16:00:00,78.14,253.48,84.39,39.75,86.22
12/3/2018 16:00:00,78.07,256.61,84.77,40.28,86.73
12/4/2018 16:00:00,78.26,248.65,85.53,39.26,84.48
12/6/2018 16:00:00,78.4,248.02,85.67,38.89,84.07
12/7/2018 16:00:00,78.56,242.26,85.81,38.48,82.65
12/10/2018 16:00:00,78.64,242.55,86.04,38.15,82.54
12/11/2018 16:00:00,78.65,242.62,86.2,38.19,82.49
12/12/2018 16:00:00,78.57,243.96,86.19,38.79,82.79
12/13/2018 16:00:00,78.63,243.88,86.25,38.72,82.81
12/14/2018 16:00:00,78.7,239.38,86.35,38.19,81.46
12/17/2018 16:00:00,78.85,233.23,86.69,37.86,79.95
12/18/2018 16:00:00,78.97,233.14,87.1,37.9,79.55
12/19/2018 16:00:00,79.11,229.42,87.64,37.49,78.54
12/20/2018 16:00:00,79,225.65,87.2,37.35,77.62
12/21/2018 16:00:00,79,221.16,87.19,36.62,76.65
12/24/2018 13:00:00,78.82,215.07,87.01,35.84,73.71
12/26/2018 16:00:00,78.65,225.95,86.41,36.75,76.62
12/27/2018 16:00:00,78.82,228.05,86.23,36.78,77.37
12/28/2018 16:00:00,79.01,227.76,86.92,37.02,77.32
12/31/2018 16:00:00,79.21,229.81,87.51,37.1,77.99
1/2/2019 16:00:00,79.37,229.99,87.8,37.05,78.12
1/3/2019 16:00:00,79.68,224.5,88.25,36.75,76.7
1/4/2019 16:00:00,79.44,231.91,87.74,37.88,78.93
1/7/2019 16:00:00,79.32,233.65,87.69,38,79.31
1/8/2019 16:00:00,79.22,235.92,87.79,38.27,79.96
1/9/2019 16:00:00,79.33,237.01,87.82,38.74,79.95
1/10/2019 16:00:00,79.17,238,87.32,38.9,80.32
1/11/2019 16:00:00,79.33,237.89,87.52,38.66,80.42
1/14/2019 16:00:00,79.26,236.58,87.19,38.46,79.98
1/15/2019 16:00:00,79.27,239.35,87.03,38.7,80.45
1/16/2019 16:00:00,79.3,239.88,87.13,38.82,80.39
1/17/2019 16:00:00,79.21,241.67,87.25,38.95,81.02
1/18/2019 16:00:00,79.15,244.92,87.12,39.37,82.15
1/22/2019 16:00:00,79.29,241.66,87.42,38.76,81.24
1/23/2019 16:00:00,79.37,242.02,87.55,38.96,81.52
1/24/2019 16:00:00,79.54,242.26,87.96,39.01,81.42
1/25/2019 16:00:00,79.45,244.32,87.86,39.5,81.59
1/28/2019 16:00:00,79.48,242.43,87.78,39.31,81.18
1/29/2019 16:00:00,79.64,242.13,88.07,39.42,81.44
1/30/2019 16:00:00,79.72,245.96,88.29,39.86,82.05
1/31/2019 16:00:00,80.09,248.01,89.14,39.87,82.75
2/1/2019 16:00:00,79.67,248.22,88.5,39.85,83.02
2/4/2019 16:00:00,79.6,249.99,88.27,39.99,83.26
2/5/2019 16:00:00,79.77,251.1,88.8,40.31,83.46
2/6/2019 16:00:00,79.74,250.79,88.67,40.05,83.52
2/7/2019 16:00:00,79.8,248.33,88.89,39.54,82.92
2/8/2019 16:00:00,79.92,248.65,89.15,39.4,83
2/11/2019 16:00:00,79.89,248.78,89.01,39.32,83.07
2/12/2019 16:00:00,79.88,252,88.86,39.84,84.05
2/13/2019 16:00:00,79.76,252.76,88.63,39.85,84.36
2/14/2019 16:00:00,79.9,252.2,88.77,39.85,83.97
2/15/2019 16:00:00,79.93,254.98,89.04,40.39,85.12
2/19/2019 16:00:00,80,255.42,89.1,40.59,85.29
2/20/2019 16:00:00,79.97,256.01,88.95,40.75,85.65
2/21/2019 16:00:00,79.81,255.08,88.35,40.65,85.41
2/22/2019 16:00:00,79.99,256.61,88.83,40.8,85.83
2/25/2019 16:00:00,79.96,256.99,88.74,40.93,86.01
2/26/2019 16:00:00,80.07,256.8,89,41.1,85.86
2/27/2019 16:00:00,79.91,256.67,88.28,40.97,85.96
2/28/2019 16:00:00,79.82,256.07,88.15,40.8,85.87
3/1/2019 16:00:00,79.39,257.83,87.42,41.05,86.21
3/4/2019 16:00:00,79.53,256.84,87.87,40.89,85.92
3/5/2019 16:00:00,79.59,256.54,87.89,40.92,85.74
3/6/2019 16:00:00,79.69,254.9,88.18,40.8,85.19
3/7/2019 16:00:00,79.92,252.85,88.58,40.28,84.69
3/8/2019 16:00:00,80.02,252.34,88.73,40.23,84.54
3/11/2019 16:00:00,79.98,256.02,88.79,40.6,85.49
3/12/2019 16:00:00,80.17,256.93,89.23,40.62,85.55
3/13/2019 16:00:00,80.13,258.68,89.09,40.92,86.01
3/14/2019 16:00:00,80.06,258.59,88.61,40.88,85.9
3/15/2019 16:00:00,80.21,259.85,89.09,41.29,86.43
3/18/2019 16:00:00,80.16,260.78,89.09,41.43,86.72
3/19/2019 16:00:00,80.12,260.86,89.06,41.54,86.52
3/20/2019 16:00:00,80.47,259.93,89.72,41.5,85.9
3/21/2019 16:00:00,80.49,261.43,90.07,41.54,86.63
3/22/2019 16:00:00,80.93,256.46,91.14,40.74,85.33
3/25/2019 16:00:00,81.03,256.23,91.31,40.74,84.49
3/26/2019 16:00:00,81.05,258.08,91.3,40.99,85.36
3/27/2019 16:00:00,81.2,256.88,91.94,40.93,85.02
3/28/2019 16:00:00,81.24,257.88,92.18,40.73,85.21
3/29/2019 16:00:00,81.18,259.54,92.14,40.87,85.66
4/1/2019 16:00:00,80.66,262.53,90.97,41.4,86.53
4/2/2019 16:00:00,80.7,262.62,91.04,41.43,86.33
4/3/2019 16:00:00,80.59,263.11,90.58,41.75,86.45
4/4/2019 16:00:00,80.67,263.74,90.76,41.67,86.73
4/5/2019 16:00:00,80.73,265.01,90.93,41.76,87.09
4/8/2019 16:00:00,80.65,265.24,90.81,41.79,87.24
4/9/2019 16:00:00,80.77,263.83,91.19,41.54,86.64
4/10/2019 16:00:00,80.88,264.74,91.51,41.71,86.91
4/11/2019 16:00:00,80.74,264.69,91.12,41.63,87.02
4/12/2019 16:00:00,80.59,266.48,90.87,41.94,87.49
4/15/2019 16:00:00,80.61,266.3,90.84,41.96,87.45
4/16/2019 16:00:00,80.47,266.49,90.42,42.03,87.89
4/17/2019 16:00:00,80.47,265.84,90.39,42.1,87.83
4/18/2019 16:00:00,80.58,266.34,90.66,42.02,87.67
4/22/2019 16:00:00,80.5,266.6,90.29,41.98,87.59
4/23/2019 16:00:00,80.64,268.9,90.64,42.08,88.05
4/24/2019 16:00:00,80.85,268.37,91.34,41.71,87.76
4/25/2019 16:00:00,80.83,268.27,91.18,41.68,87.27
4/26/2019 16:00:00,81.01,269.5,91.56,41.84,87.52
4/29/2019 16:00:00,80.84,269.84,91.04,42,87.64
4/30/2019 16:00:00,80.96,270.01,91.29,42.03,88.09
5/1/2019 16:00:00,80.77,268.04,91.33,41.75,87.31
5/2/2019 16:00:00,80.59,267.51,90.78,41.67,87.15
5/3/2019 16:00:00,80.74,270.05,91.08,42.08,87.84
5/6/2019 16:00:00,80.84,268.98,91.39,41.68,87.53
5/7/2019 16:00:00,80.96,264.62,91.71,40.98,86.32
5/8/2019 16:00:00,80.9,264.1,91.22,41.04,86.02
5/9/2019 16:00:00,80.98,263.29,91.42,40.74,85.78
5/10/2019 16:00:00,80.97,264.52,91.4,41.01,86.35
5/13/2019 16:00:00,81.14,258.03,91.8,40.09,84.76
5/14/2019 16:00:00,81.19,260.27,91.72,40.47,85.35
5/15/2019 16:00:00,81.31,261.81,92.12,40.65,85.58
5/16/2019 16:00:00,81.19,264.21,91.87,40.9,86.27
5/17/2019 16:00:00,81.21,262.61,92.07,40.67,85.94
5/20/2019 16:00:00,81.11,260.82,91.82,40.49,85.66
5/21/2019 16:00:00,81.07,263.03,91.82,40.77,86.27
5/22/2019 16:00:00,81.22,262.31,92.13,40.61,86.02
5/23/2019 16:00:00,81.51,259.24,92.73,40.2,85.16
5/24/2019 16:00:00,81.51,259.69,92.95,40.62,85.34
5/28/2019 16:00:00,81.68,257.36,93.47,40.27,84.13
5/29/2019 16:00:00,81.66,255.59,93.59,40,83.66
5/30/2019 16:00:00,81.88,256.3,94.21,40.15,83.67
5/31/2019 16:00:00,82.24,252.87,94.8,39.84,82.53
6/3/2019 16:00:00,82.28,252.12,95.04,40,83.43
6/4/2019 16:00:00,82.14,257.67,94.54,40.52,84.98
6/5/2019 16:00:00,82.14,259.85,94.15,40.5,85.44
6/6/2019 16:00:00,82.12,261.54,94.5,40.67,86
6/7/2019 16:00:00,82.34,264.15,95.18,41.15,86.37
6/10/2019 16:00:00,82.17,265.39,94.63,41.26,86.55
6/11/2019 16:00:00,82.11,265.34,94.57,41.46,86.72
6/12/2019 16:00:00,82.25,264.84,94.65,41.13,86.6
6/13/2019 16:00:00,82.39,266.02,95,41.15,86.96
6/14/2019 16:00:00,82.4,265.62,95.03,40.87,86.82
6/17/2019 16:00:00,82.4,265.86,95.23,40.45,86
6/18/2019 16:00:00,82.59,268.51,95.87,41.01,86.74
6/19/2019 16:00:00,82.87,269.22,96.47,41.24,86.84
6/20/2019 16:00:00,83,271.73,97.21,41.64,87.56
6/21/2019 16:00:00,82.77,271.41,96.24,41.49,87.62
6/24/2019 16:00:00,82.92,271.06,96.76,41.55,87.5
6/25/2019 16:00:00,82.95,268.38,96.65,41.33,86.89
6/26/2019 16:00:00,82.76,268.12,96.26,41.38,86.5
6/27/2019 16:00:00,83,267.67,97.01,41.48,86.76
6/28/2019 16:00:00,83.07,269.15,97.06,41.71,87.38
7/1/2019 16:00:00,82.87,271.44,97.06,41.9,87.91
7/2/2019 16:00:00,83.03,272.23,97.56,42.03,88.09
7/3/2019 13:00:00,83.18,274.32,98.04,42.25,88.75
7/5/2019 16:00:00,82.79,273.97,97.03,41.96,88.58
7/8/2019 16:00:00,82.78,272.6,97,41.71,88.15
7/9/2019 16:00:00,82.67,272.94,96.88,41.51,88.08
7/10/2019 16:00:00,82.74,274.21,96.45,41.69,88.34
7/11/2019 16:00:00,82.47,274.76,95.6,41.7,88.34
7/12/2019 16:00:00,82.54,276.11,95.7,41.75,88.72
7/15/2019 16:00:00,82.66,276.18,96.06,41.79,88.78
7/16/2019 16:00:00,82.55,275.28,95.72,41.6,88.49
7/17/2019 16:00:00,82.8,273.42,96.55,41.52,87.98
7/18/2019 16:00:00,82.95,274.42,96.83,41.64,88.46
7/19/2019 16:00:00,82.86,272.95,96.55,41.58,88.09
7/22/2019 16:00:00,82.95,273.61,96.83,41.62,87.99
7/23/2019 16:00:00,82.88,275.49,96.68,41.86,88.6
7/24/2019 16:00:00,82.96,276.76,96.94,41.87,89.12
7/25/2019 16:00:00,82.87,275.41,96.66,41.45,88.8
7/26/2019 16:00:00,82.87,277.38,96.84,41.57,89.22
7/29/2019 16:00:00,82.92,276.88,96.86,41.56,89.21
7/30/2019 16:00:00,82.9,276.21,96.94,41.12,88.96
7/31/2019 16:00:00,83,273.08,97.27,40.86,88.01
8/1/2019 16:00:00,83.4,270.79,98.55,40.7,87.05
8/2/2019 16:00:00,83.48,268.81,99.24,40.38,86.64
8/5/2019 16:00:00,83.84,260.88,100.09,39.35,84.51
8/6/2019 16:00:00,84.05,264.24,100.76,39.62,85.29
8/7/2019 16:00:00,84.05,264.42,100.93,39.78,85.21
8/8/2019 16:00:00,84.12,269.58,101.26,40.19,86.59
8/9/2019 16:00:00,83.97,267.7,100.9,39.9,86.14
8/12/2019 16:00:00,84.34,264.56,102.37,39.56,85.25
8/13/2019 16:00:00,84.21,268.66,102.15,39.95,86.27
8/14/2019 16:00:00,84.51,260.57,103.61,38.87,83.9
8/15/2019 16:00:00,84.92,261.39,104.56,38.95,83.93
8/16/2019 16:00:00,84.83,265.22,104.19,39.41,85.24
8/19/2019 16:00:00,84.56,268.48,103.15,39.65,86.22
8/20/2019 16:00:00,84.78,266.4,104.04,39.54,85.46
8/21/2019 16:00:00,84.74,268.56,103.91,39.87,86.09
8/22/2019 16:00:00,84.58,268.46,103.3,39.73,86.17
8/23/2019 16:00:00,84.89,261.57,104.33,39.24,84.07
8/26/2019 16:00:00,84.84,264.47,104.01,39.58,84.84
8/27/2019 16:00:00,85.13,263.43,105.29,39.57,84.5
8/28/2019 16:00:00,85.16,265.26,105.49,39.58,85.22
8/29/2019 16:00:00,85.11,268.71,105.22,39.89,86.03
8/30/2019 16:00:00,85.1,268.6,104.99,40.09,86.16
9/3/2019 16:00:00,84.99,267.11,104.82,39.93,85.94
9/4/2019 16:00:00,85.15,269.97,104.96,40.49,86.82
9/5/2019 16:00:00,84.71,273.54,103.72,40.82,87.75
9/6/2019 16:00:00,84.81,273.74,104.13,40.91,87.92
9/9/2019 16:00:00,84.42,273.81,102.67,40.99,88.44
9/10/2019 16:00:00,83.99,273.87,101.18,41.11,88.9
9/11/2019 16:00:00,83.94,275.84,101.01,41.36,89.57
9/12/2019 16:00:00,83.78,276.65,100.75,41.58,89.75
9/13/2019 16:00:00,83.3,276.58,98.92,41.77,89.72
9/16/2019 16:00:00,83.52,275.67,99.8,41.47,89.32
9/17/2019 16:00:00,83.71,276.42,100.33,41.63,89.43
9/18/2019 16:00:00,83.77,276.59,100.73,41.52,89.52
9/19/2019 16:00:00,83.89,276.53,101.05,41.69,89.44
9/20/2019 16:00:00,84.19,275.05,102.26,41.6,89.37
9/23/2019 16:00:00,84.25,275.24,102.23,41.54,89.48
9/24/2019 16:00:00,84.54,272.96,103.09,41.09,88.2
9/25/2019 16:00:00,84.14,274.63,101.87,41.02,88.52
9/26/2019 16:00:00,84.28,272.79,102.31,41.11,88.42
9/27/2019 16:00:00,84.37,271.26,102.44,40.93,88.46
9/30/2019 16:00:00,84.43,272.6,102.67,41.08,88.73
10/1/2019 16:00:00,84.33,269.32,102.72,40.71,87.53
10/2/2019 16:00:00,84.52,264.57,102.8,39.9,85.97
10/3/2019 16:00:00,84.8,266.67,103.51,40.18,86.48
10/4/2019 16:00:00,84.94,270.37,104.1,40.49,87.64
10/7/2019 16:00:00,84.72,269.21,103.45,40.44,87.21
10/8/2019 16:00:00,84.76,265.03,103.27,40.06,85.84
10/9/2019 16:00:00,84.66,267.5,103.07,40.38,86.42
10/10/2019 16:00:00,84.4,269.32,101.95,40.64,86.94
10/11/2019 16:00:00,84.09,272.13,101.14,41.33,87.89
10/14/2019 16:00:00,84.23,271.88,101.82,41.18,87.73
10/15/2019 16:00:00,84.01,274.51,101.08,41.64,88.33
10/16/2019 16:00:00,84.1,274.08,101.16,41.67,88.22
10/17/2019 16:00:00,84.1,274.82,101.11,41.78,88.44
10/18/2019 16:00:00,84.14,273.69,101.27,41.73,88.37
10/21/2019 16:00:00,83.94,275.6,100.69,41.99,89.01
10/22/2019 16:00:00,84.09,274.63,101.1,41.89,89.07
10/23/2019 16:00:00,84.13,275.44,101.26,42.09,89.21
10/24/2019 16:00:00,84.14,275.89,101.31,42.16,88.93
10/25/2019 16:00:00,84,277.04,100.96,42.19,89.39
10/28/2019 16:00:00,83.82,278.65,100.25,42.38,89.64
10/29/2019 16:00:00,83.84,278.47,100.1,42.33,89.82
10/30/2019 16:00:00,84.11,279.45,100.98,42.5,89.92
10/31/2019 16:00:00,84.51,278.55,102.09,42.4,89.66
11/1/2019 16:00:00,84.25,281.2,101.89,42.78,90.4
11/4/2019 16:00:00,84.01,282.32,100.79,43.01,90.81
11/5/2019 16:00:00,83.72,281.96,99.9,43,90.85
11/6/2019 16:00:00,83.9,282.11,100.42,42.96,91.01
11/7/2019 16:00:00,83.47,283.11,99.24,43.15,91.27
11/8/2019 16:00:00,83.39,283.8,98.83,43.06,91.53
11/11/2019 16:00:00,83.44,283.25,98.9,43.02,91.18
11/12/2019 16:00:00,83.49,283.81,99.13,43.03,91.19
11/13/2019 16:00:00,83.64,283.93,99.58,42.89,91.08
11/14/2019 16:00:00,83.88,284.31,100.46,42.86,90.99
11/15/2019 16:00:00,83.85,286.43,100.43,43.12,91.5
11/18/2019 16:00:00,83.97,286.61,100.71,43.17,91.44
11/19/2019 16:00:00,84.06,286.47,101.14,43.09,91.21
11/20/2019 16:00:00,84.29,285.46,101.82,42.83,90.88
11/21/2019 16:00:00,84.15,285.02,101.41,42.77,90.95
11/22/2019 16:00:00,84.2,285.65,101.56,42.82,91.25
11/25/2019 16:00:00,84.28,287.82,102.1,43.15,91.66
11/26/2019 16:00:00,84.42,288.4,102.59,43.18,91.74
11/27/2019 16:00:00,84.29,289.76,102.45,43.3,92.06
11/29/2019 13:00:00,84.29,288.65,102.13,42.97,91.76
12/2/2019 16:00:00,83.89,286.3,100.82,42.78,91.27
12/3/2019 16:00:00,84.34,284.29,102.26,42.62,90.6
12/4/2019 16:00:00,84.17,286.11,101.87,42.99,91.32
12/5/2019 16:00:00,84.08,286.64,101.59,42.95,91.46
12/6/2019 16:00:00,83.97,289.19,101.23,43.32,92.24
12/9/2019 16:00:00,83.99,288.31,101.38,43.09,92.13
12/10/2019 16:00:00,83.93,288.04,101.43,43.13,91.99
12/11/2019 16:00:00,84.21,288.79,101.99,43.37,92.15
12/12/2019 16:00:00,83.81,291.33,101.02,43.71,93.22
12/13/2019 16:00:00,84.19,291.44,101.9,43.96,92.97
12/16/2019 16:00:00,83.96,293.5,101.43,44.4,93.57
12/17/2019 16:00:00,83.97,293.56,101.3,44.24,93.71
12/18/2019 16:00:00,83.86,293.58,100.9,44.13,93.66
12/19/2019 16:00:00,83.92,294.8,100.94,44.17,93.85
12/20/2019 16:00:00,83.94,296.3,101.06,44.24,94.47
12/23/2019 16:00:00,83.7,295.16,100.63,43.86,93.66
12/24/2019 13:00:00,83.78,295.16,100.83,43.82,93.63
12/26/2019 16:00:00,83.86,296.67,100.92,44.02,93.85
12/27/2019 16:00:00,83.98,296.67,101.18,44.14,93.87
12/30/2019 16:00:00,83.95,295.04,101.1,43.82,93.43
12/31/2019 16:00:00,83.86,295.8,100.34,44.06,93.71
1/2/2020 16:00:00,83.97,298.42,100.86,44.42,93.97
1/3/2020 16:00:00,84.27,296.24,101.94,43.88,93.23
1/6/2020 16:00:00,84.17,297.35,101.41,44.03,93.28
1/7/2020 16:00:00,84.1,296.53,101.01,43.96,92.9
1/8/2020 16:00:00,83.97,298.06,100.57,44.02,93.14
1/9/2020 16:00:00,84.07,300.12,100.99,44.2,93.59
1/10/2020 16:00:00,84.21,299.26,101.7,44.05,93.23
1/13/2020 16:00:00,84.16,301.24,101.42,44.31,93.75
1/14/2020 16:00:00,84.28,300.84,101.61,44.34,93.86
1/15/2020 16:00:00,84.41,301.51,102.19,44.31,93.92
1/16/2020 16:00:00,84.36,304.03,102.23,44.55,94.57
1/17/2020 16:00:00,84.35,305.06,101.94,44.66,94.78
1/21/2020 16:00:00,84.56,304.43,102.58,44.3,94.36
1/22/2020 16:00:00,84.63,304.51,102.94,44.41,94.54
1/23/2020 16:00:00,84.78,304.81,103.42,44.3,94.44
1/24/2020 16:00:00,84.91,302.03,103.85,44.13,93.6
1/27/2020 16:00:00,85.19,297.23,104.96,43.2,92.46
1/28/2020 16:00:00,85.04,300.45,104.37,43.57,93.06
1/29/2020 16:00:00,85.28,300.15,105.09,43.58,92.56
1/30/2020 16:00:00,85.3,301.09,105.05,43.48,92.94
1/31/2020 16:00:00,85.52,295.69,105.68,42.74,91.36
2/3/2020 16:00:00,85.26,297.84,105.5,42.89,91.65
2/4/2020 16:00:00,85,302.43,104.54,43.58,92.64
2/5/2020 16:00:00,84.86,305.85,103.93,44,94.17
2/6/2020 16:00:00,84.94,306.89,104.18,44.15,94.2
2/7/2020 16:00:00,85.2,305.33,105.02,43.72,93.69
2/10/2020 16:00:00,85.33,307.52,105.25,43.82,94
2/11/2020 16:00:00,85.19,308.08,104.98,44.12,94.35
2/12/2020 16:00:00,85.09,310.06,104.72,44.3,94.6
2/13/2020 16:00:00,85.17,309.76,104.83,43.98,94.35
2/14/2020 16:00:00,85.26,310.28,105.28,43.95,94.26
2/18/2020 16:00:00,85.39,309.43,105.73,43.65,93.77
2/19/2020 16:00:00,85.38,310.92,105.71,43.83,93.93
2/20/2020 16:00:00,85.59,309.7,106.31,43.51,93.89
2/21/2020 16:00:00,85.8,306.49,107.04,43.31,93.44
2/24/2020 16:00:00,86.07,296.24,107.78,41.62,90.92
2/25/2020 16:00:00,86.14,287.34,108.15,40.91,88.31
2/26/2020 16:00:00,86.09,286.07,107.47,40.94,87.71
2/27/2020 16:00:00,86.19,273.39,107.56,39.69,83.98
2/28/2020 16:00:00,86.76,271.74,109.08,39.47,82.5
3/2/2020 16:00:00,86.53,283.87,108.83,39.99,86.32
3/3/2020 16:00:00,87.05,276.04,109.99,39.67,84.12
3/4/2020 16:00:00,87.03,287.48,109.83,40.76,87.6
3/5/2020 16:00:00,87.36,277.85,110.89,39.69,84.94
3/6/2020 16:00:00,87.96,273.19,114.34,39.11,83.63
3/9/2020 16:00:00,87.77,252.11,114.49,35.93,76.97
3/10/2020 16:00:00,86.59,263.81,110.07,37.27,79.52
3/11/2020 16:00:00,84.95,250.73,106.55,35.33,75.66
3/12/2020 16:00:00,80.33,226.48,100.7,31.38,68.2
3/13/2020 16:00:00,83.72,247.64,103.82,33.36,74.37
3/16/2020 16:00:00,84.6,218.57,106,29.75,66.89
3/17/2020 16:00:00,82.85,232.88,100.44,31.1,71.61
3/18/2020 16:00:00,80.85,220.15,92.89,29.25,68.02
3/19/2020 16:00:00,80.8,220.34,91.55,29.68,66.82
3/20/2020 16:00:00,82.17,210.74,94.63,29.41,63.64
3/23/2020 16:00:00,83.99,204.27,99.28,28.78,60.97
3/24/2020 16:00:00,84.08,223.75,102,31.34,66.22
3/25/2020 16:00:00,85.21,226.62,104.55,32.47,67.09
3/26/2020 16:00:00,85.6,240.24,105.31,33.85,71.67
3/27/2020 16:00:00,86.06,232.86,106.89,32.81,69.75
3/30/2020 16:00:00,86.15,240.39,106.9,33.48,72.12
3/31/2020 16:00:00,85.35,236.82,106.72,33.34,70.75
4/1/2020 16:00:00,85.6,226.15,105.17,31.86,67.79
4/2/2020 16:00:00,86,231.44,105.34,32.47,70.04
4/3/2020 16:00:00,85.96,228.02,105.46,31.83,69.03
4/6/2020 16:00:00,86.23,243.53,106.39,33.54,73.05
4/7/2020 16:00:00,86.31,243.66,106.65,33.73,73.02
4/8/2020 16:00:00,86.53,251.93,106.99,34.05,75.59
4/9/2020 16:00:00,87.48,255.67,109.96,34.78,77.09
4/13/2020 16:00:00,87.2,253.19,109.71,34.5,75.82
4/14/2020 16:00:00,87.2,260.92,109.12,35.12,77.7
4/15/2020 16:00:00,87.63,255.24,110.67,33.98,75.31
4/16/2020 16:00:00,87.68,256.53,111.24,34.02,75.19
4/17/2020 16:00:00,87.56,263.61,110.59,34.98,77.88
4/20/2020 16:00:00,87.42,258.86,110.75,34.47,76.37
4/21/2020 16:00:00,87.53,250.95,111.31,33.76,74.3
4/22/2020 16:00:00,87.46,256.47,110.6,34.39,75.63
4/23/2020 16:00:00,87.6,256.42,111.18,34.33,75.61
4/24/2020 16:00:00,87.57,260.14,111.32,34.7,76.59
4/27/2020 16:00:00,87.26,263.9,109.79,35.18,78.04
4/28/2020 16:00:00,87.52,262.68,110.55,35.46,78.36
4/29/2020 16:00:00,87.58,269.45,110.88,36.4,79.69
4/30/2020 16:00:00,87.51,267.1,109.67,35.68,78.01
5/1/2020 16:00:00,87.3,259.82,109.47,34.89,75.92
5/4/2020 16:00:00,87.39,260.64,109.2,34.92,75.86
5/5/2020 16:00:00,87.31,263.04,108.84,35.01,76.26
5/6/2020 16:00:00,86.92,261.27,107.1,34.8,75.13
5/7/2020 16:00:00,87.2,264.36,107.99,35.33,75.55
5/8/2020 16:00:00,86.95,268.78,107.01,35.9,77.31
5/11/2020 16:00:00,86.68,268.82,106.11,35.89,76.9
5/12/2020 16:00:00,86.96,263.41,107.08,35.41,75.49
5/13/2020 16:00:00,87.06,258.74,107.63,35.11,74
5/14/2020 16:00:00,87.3,261.86,108.55,34.85,74.99
5/15/2020 16:00:00,87.35,263.04,108.94,34.86,74.94
5/18/2020 16:00:00,87.19,271.08,108.06,36.25,77.7
5/19/2020 16:00:00,87.3,268.52,108.25,35.86,76.41
5/20/2020 16:00:00,87.53,272.9,109.22,36.51,77.56
5/21/2020 16:00:00,87.62,270.94,109.42,36.11,77.02
5/22/2020 16:00:00,87.65,271.55,109.68,36.01,76.95
5/26/2020 16:00:00,87.6,275.04,109.07,37.08,78.64
5/27/2020 16:00:00,87.64,279.05,109.34,37.47,80.31
5/28/2020 16:00:00,87.67,278.5,109.11,37.72,80.06
5/29/2020 16:00:00,87.92,279.75,110.05,37.67,80.22
6/1/2020 16:00:00,87.68,280.97,109.37,38.49,80.3
6/2/2020 16:00:00,87.75,283.28,109.47,38.91,81.19
6/3/2020 16:00:00,87.55,287.02,108.52,39.81,82.78
6/4/2020 16:00:00,87.34,286.29,107.82,39.59,83.12
6/5/2020 16:00:00,87.33,293.61,107.8,40.37,85.32
6/8/2020 16:00:00,87.42,297.17,108.4,40.85,86.78
6/9/2020 16:00:00,87.48,295.06,108.67,40.32,85.45
6/10/2020 16:00:00,87.85,293.22,109.85,40.25,83.99
6/11/2020 16:00:00,87.69,276.32,109.86,38.04,78.76
6/12/2020 16:00:00,87.78,279.65,109.91,38.69,79.75
6/15/2020 16:00:00,87.96,282.2,110.84,38.81,80.24
6/16/2020 16:00:00,87.85,287.72,109.85,39.33,81.84
6/17/2020 16:00:00,87.87,286.4,110.07,39.42,81.01
6/18/2020 16:00:00,87.97,286.66,110.6,39.24,81.15
6/19/2020 16:00:00,88,284.97,110.78,39.06,80.5
6/22/2020 16:00:00,87.97,286.86,110.82,39.31,79.54
6/23/2020 16:00:00,87.93,288.16,110.36,39.5,79.6
6/24/2020 16:00:00,87.94,280.79,110.72,38.53,77.54
6/25/2020 16:00:00,88.03,283.76,111.05,39.04,78.38
6/26/2020 16:00:00,88.19,277.11,111.46,38.45,76.63
6/29/2020 16:00:00,88.25,279.7,111.52,38.8,77.84
6/30/2020 16:00:00,88.34,283.43,111.65,38.79,78.78
7/1/2020 16:00:00,88.2,285.37,111.8,38.92,78.49
7/2/2020 16:00:00,88.34,286.81,111.98,39.31,78.94
7/6/2020 16:00:00,88.31,291.26,112.25,39.97,79.68
7/7/2020 16:00:00,88.45,288.24,113,39.42,78.8
7/8/2020 16:00:00,88.4,290.38,112.89,39.74,78.92
7/9/2020 16:00:00,88.64,288.9,114.18,39.28,77.57
7/10/2020 16:00:00,88.54,291.8,113.78,39.65,79.13
7/13/2020 16:00:00,88.58,289.16,113.86,39.44,79.26
7/14/2020 16:00:00,88.69,293.03,114.31,39.99,80.27
7/15/2020 16:00:00,88.7,295.63,114.18,40.44,81.27
7/16/2020 16:00:00,88.76,294.77,114.75,40.19,81.4
7/17/2020 16:00:00,88.85,295.55,114.86,40.39,81.56
7/20/2020 16:00:00,88.94,298.01,115.17,40.62,80.97
7/21/2020 16:00:00,88.99,298.63,115.43,40.78,82.04
7/22/2020 16:00:00,89.11,300.33,115.97,40.89,82.43
7/23/2020 16:00:00,89.19,296.74,116.62,40.55,82.37
7/24/2020 16:00:00,89.17,294.82,116.59,40.35,81.53
7/27/2020 16:00:00,89.11,296.97,116.03,40.91,81.58
7/28/2020 16:00:00,89.15,295.13,116.33,40.72,81.53
7/29/2020 16:00:00,89.29,298.7,116.58,41.15,82.16
7/30/2020 16:00:00,89.34,297.61,116.98,40.6,81.51
7/31/2020 16:00:00,89.46,300.1,117.07,39.81,81.2
8/3/2020 16:00:00,89.27,301.99,116.53,40.5,81.4
8/4/2020 16:00:00,89.46,303.26,117.43,40.82,81.92
8/5/2020 16:00:00,89.34,305.15,116.76,41.04,82.16
8/6/2020 16:00:00,89.48,307.2,117.53,41.13,82.12
8/7/2020 16:00:00,89.38,307.36,116.89,40.96,83.05
8/10/2020 16:00:00,89.28,308.34,116.45,41.12,83.81
8/11/2020 16:00:00,88.97,305.85,115.31,41.29,83.78
8/12/2020 16:00:00,88.74,310.04,114.6,42.11,84.47
8/13/2020 16:00:00,88.45,309.51,113.05,41.93,83.78
8/14/2020 16:00:00,88.35,309.51,112.5,41.67,83.98
8/17/2020 16:00:00,88.46,310.51,112.8,41.99,83.7
8/18/2020 16:00:00,88.58,311.16,113.48,41.98,83.39
8/19/2020 16:00:00,88.43,309.84,112.94,41.75,83.15
8/20/2020 16:00:00,88.58,310.82,113.65,41.62,82.71
8/21/2020 16:00:00,88.77,311.93,114.05,41.4,82.64
8/24/2020 16:00:00,88.67,315.1,113.88,41.9,83.88
8/25/2020 16:00:00,88.5,316.2,113.04,41.99,83.73
8/26/2020 16:00:00,88.45,319.43,112.92,42.3,83.37
8/27/2020 16:00:00,88.13,320.07,111.25,41.87,83.87
8/28/2020 16:00:00,88.2,322.15,111.41,42.16,84.43
8/31/2020 16:00:00,88.46,321.02,111.99,41.87,83.79
9/1/2020 16:00:00,88.55,324.02,112.91,41.93,83.73
9/2/2020 16:00:00,88.74,328.74,113.76,42.44,85.18
9/3/2020 16:00:00,88.75,317.36,113.78,41.48,83.61
9/4/2020 16:00:00,88.23,314.82,111.78,41.56,83.68
9/8/2020 16:00:00,88.36,306.17,112.48,41.05,81.97
9/9/2020 16:00:00,88.3,312.21,112.12,41.76,82.92
9/10/2020 16:00:00,88.32,306.75,112.49,41.3,81.6
9/11/2020 16:00:00,88.41,306.98,112.77,41.68,82.2
9/14/2020 16:00:00,88.41,310.97,113.01,41.96,83.14
9/15/2020 16:00:00,88.46,312.57,112.95,42.22,82.98
9/16/2020 16:00:00,88.44,311.31,112.84,42.22,83.46
9/17/2020 16:00:00,88.44,308.59,112.94,42.28,83.18
9/18/2020 16:00:00,88.34,305,112.63,41.98,82.52
9/21/2020 16:00:00,88.39,301.69,112.84,40.74,80.14
9/22/2020 16:00:00,88.42,304.74,112.76,40.73,80.24
9/23/2020 16:00:00,88.22,297.68,112.1,40.31,78.75
9/24/2020 16:00:00,88.23,298.5,112.26,40.25,78.95
9/25/2020 16:00:00,88.22,303.28,112.25,40.4,79.72
9/28/2020 16:00:00,88.3,308.36,112.48,41.06,80.94
9/29/2020 16:00:00,88.36,305.3,112.39,41,80.31
9/30/2020 16:00:00,88.22,307.65,111.84,40.9,80.93
10/1/2020 16:00:00,88.16,309.6,111.86,41.14,80.9
10/2/2020 16:00:00,88.1,306.72,111.75,41.05,81
10/5/2020 16:00:00,87.77,312.08,110.49,41.69,82.32
10/6/2020 16:00:00,87.89,307.72,110.94,41.26,81.72
10/7/2020 16:00:00,87.77,313,110.16,41.65,83.03
10/8/2020 16:00:00,87.92,315.77,110.69,41.96,84.04
10/9/2020 16:00:00,87.94,318.58,110.98,42.24,84.09
10/12/2020 16:00:00,88.07,323.72,111.55,42.45,84.77
10/13/2020 16:00:00,88.14,321.65,111.96,41.98,84
10/14/2020 16:00:00,88.19,319.64,112.02,41.89,83.64
10/15/2020 16:00:00,88.14,319.26,112.03,41.43,83.83
10/16/2020 16:00:00,88.07,318.99,111.75,41.56,84.05
10/19/2020 16:00:00,87.99,314.17,111.34,41.38,82.86
10/20/2020 16:00:00,87.84,315.41,110.57,41.61,83.06
10/21/2020 16:00:00,87.74,314.84,110.29,41.47,82.63
10/22/2020 16:00:00,87.59,316.57,109.5,41.51,83.81
10/23/2020 16:00:00,87.7,317.65,110.08,41.74,83.86
10/26/2020 16:00:00,87.83,311.8,110.76,40.96,82.36
10/27/2020 16:00:00,88.04,310.77,111.5,40.65,81.21
10/28/2020 16:00:00,87.92,300.07,111.04,39.46,78.88
10/29/2020 16:00:00,87.73,303.23,110.25,39.65,79.51
10/30/2020 16:00:00,87.58,299.82,109.49,39.45,79.54
11/2/2020 16:00:00,87.55,303.31,109.77,39.93,81.07
11/3/2020 16:00:00,87.53,308.66,109.6,40.95,82.33
11/4/2020 16:00:00,88.13,315.61,112,41.37,82.11
11/5/2020 16:00:00,88.22,321.79,112.58,42.37,83.46
11/6/2020 16:00:00,88.02,321.75,111.69,42.46,83.3
11/9/2020 16:00:00,87.61,325.76,109.93,43.62,86.56
11/10/2020 16:00:00,87.44,325.34,109.52,43.94,87.78
11/11/2020 16:00:00,87.5,327.63,109.89,44.31,87.65
11/12/2020 16:00:00,87.79,324.6,111,43.67,86.35
11/13/2020 16:00:00,87.82,329.01,111.09,44.29,87.84
11/16/2020 16:00:00,87.87,333,111.32,44.86,89.4
11/17/2020 16:00:00,88.02,331.34,111.9,44.84,88.95
11/18/2020 16:00:00,88.12,327.32,112.24,44.6,87.97
11/19/2020 16:00:00,88.3,328.69,113.08,44.87,88.18
11/20/2020 16:00:00,88.38,326.49,113.49,45.02,87.85
11/23/2020 16:00:00,88.31,328.42,113.39,45.05,89
11/24/2020 16:00:00,88.22,333.74,112.72,45.77,91.04
11/25/2020 16:00:00,88.18,333.19,112.55,45.68,90.45
11/27/2020 13:00:00,88.37,334.14,113.37,46,90.34
11/30/2020 16:00:00,88.49,332.64,113.64,45.09,89.29
12/1/2020 16:00:00,88.08,336.3,112.33,46.06,90.16
12/2/2020 16:00:00,87.93,337.01,111.59,46.13,90.7
12/3/2020 16:00:00,88.1,336.91,112.43,46.29,90.77
12/4/2020 16:00:00,87.87,339.81,111.11,46.74,92.07
12/7/2020 16:00:00,87.99,339.18,111.64,46.4,91.46
12/8/2020 16:00:00,88.02,340.16,111.81,46.51,92.04
12/9/2020 16:00:00,87.87,337.14,111.43,46.57,92.1
12/10/2020 16:00:00,88.05,336.98,112.23,46.67,91.85
12/11/2020 16:00:00,88.19,336.55,112.48,46.51,91.5
12/14/2020 16:00:00,88.16,335.01,112.25,46.52,90.55
12/15/2020 16:00:00,88.2,339.64,112.28,47.03,91.78
12/16/2020 16:00:00,88.11,340.16,112.36,47.19,91.63
12/17/2020 16:00:00,88.13,342.01,112.18,47.5,91.84
12/18/2020 16:00:00,88.1,340.64,111.88,47.22,91.56
12/21/2020 16:00:00,88.11,339.59,112.03,46.28,90.18
12/22/2020 16:00:00,88.25,337.54,112.46,46.13,89.51
12/23/2020 16:00:00,87.86,337.81,108.9,46.65,90.19
12/24/2020 13:00:00,88.01,339.16,109.32,46.77,90.38
12/28/2020 16:00:00,87.98,342.11,109.39,47.06,90.61
12/29/2020 16:00:00,88.01,341.39,109.51,47.43,90.47
12/30/2020 16:00:00,88.07,341.85,109.74,47.53,90.74
12/31/2020 16:00:00,88.19,343.69,109.64,47.21,91.51
1/4/2021 16:00:00,88.07,339.03,109.25,47.48,90.4
1/5/2021 16:00:00,87.92,341.26,108.41,48.02,91.17
1/6/2021 16:00:00,87.53,343.33,106.75,48.54,93.46
1/7/2021 16:00:00,87.35,348.46,106.32,48.68,94.01
1/8/2021 16:00:00,87.27,350.42,106.19,49.14,94.03
1/11/2021 16:00:00,87.18,348.13,105.85,48.5,94.46
1/12/2021 16:00:00,87.16,348.16,105.96,48.73,94.99
1/13/2021 16:00:00,87.39,349.03,107.18,48.64,95.05
1/14/2021 16:00:00,87.28,347.85,106.26,49.01,95.63
1/15/2021 16:00:00,87.35,345.37,106.63,48.22,94.64
1/19/2021 16:00:00,87.47,348.1,106.98,48.56,95.07
1/20/2021 16:00:00,87.46,352.83,107.11,48.93,95.09
1/21/2021 16:00:00,87.34,353.16,106.3,49.04,94.56
1/22/2021 16:00:00,87.38,351.9,106.4,48.7,94.06
1/25/2021 16:00:00,87.58,353.33,107.28,48.67,94.26
1/26/2021 16:00:00,87.57,352.8,107.39,48.69,94.06
1/27/2021 16:00:00,87.57,344.24,107.4,47.55,91.74
1/28/2021 16:00:00,87.5,347.13,106.99,47.92,92.69
1/29/2021 16:00:00,87.43,340.18,106.44,46.87,90.99
2/1/2021 16:00:00,87.32,345.77,106.41,47.53,91.67
2/2/2021 16:00:00,87.21,350.74,105.87,48.06,92.73
2/3/2021 16:00:00,87.06,351.09,105.34,48.19,93.04
2/4/2021 16:00:00,87.08,355.02,105.24,48.21,94.15
2/5/2021 16:00:00,86.96,356.44,104.57,48.57,94.53
2/8/2021 16:00:00,87.06,359.07,105.11,48.88,95.41
2/9/2021 16:00:00,87.02,358.78,105,49.16,95.36
2/10/2021 16:00:00,87.16,358.64,105.41,49.05,95.42
2/11/2021 16:00:00,87.07,359.22,105.1,49.37,95.23
2/12/2021 16:00:00,86.84,361.05,104.23,49.6,95.75
2/16/2021 16:00:00,86.43,360.71,103,49.9,96.02
2/17/2021 16:00:00,86.61,360.79,103.57,49.59,96.44
2/18/2021 16:00:00,86.56,359.25,103.31,49.27,96.05
2/19/2021 16:00:00,86.26,358.59,102.03,49.5,96.33
2/22/2021 16:00:00,86.02,355.77,101.13,49.35,96.69
2/23/2021 16:00:00,86,356.22,101.09,49.37,96.94
2/24/2021 16:00:00,85.95,360.16,100.93,49.55,98.26
2/25/2021 16:00:00,85.2,351.52,98.88,48.71,96.59
2/26/2021 16:00:00,85.94,349.59,101.71,48.01,95.15
3/1/2021 16:00:00,85.7,358.12,100.63,48.94,97.23
3/2/2021 16:00:00,85.69,355.35,100.67,48.92,96.85
3/3/2021 16:00:00,85.42,350.66,99.63,48.62,96.8
3/4/2021 16:00:00,85.15,346.34,98.84,48.13,95.96
3/5/2021 16:00:00,85.1,352.69,98.65,48.52,98.12
3/8/2021 16:00:00,84.71,350.96,97.58,48.28,98.96
3/9/2021 16:00:00,84.99,355.87,98.9,48.9,98.79
3/10/2021 16:00:00,85.15,358.07,99.33,49.11,100.24
3/11/2021 16:00:00,85.16,361.85,99.04,49.47,100.22
3/12/2021 16:00:00,84.65,362.36,97.28,49.59,101.1
3/15/2021 16:00:00,84.75,364.46,97.74,49.71,101.41
3/16/2021 16:00:00,84.74,364.05,97.21,49.79,101.05
3/17/2021 16:00:00,84.71,365.24,97.23,50.05,101.29
3/18/2021 16:00:00,84.36,359.87,96.21,49.57,100.67
3/19/2021 16:00:00,84.43,359.23,96.82,49.74,100.32
3/22/2021 16:00:00,84.67,362.07,97.64,49.53,99.72
3/23/2021 16:00:00,84.86,359.41,98.18,48.78,98.7
3/24/2021 16:00:00,84.99,357.42,98.7,48.57,98.79
3/25/2021 16:00:00,84.93,359.43,98.21,48.88,100
3/26/2021 16:00:00,84.78,364.01,98.02,49.55,101.83
3/29/2021 16:00:00,84.67,363.79,97.39,49.31,101.63
3/30/2021 16:00:00,84.76,362.86,98.02,49.25,101.43
3/31/2021 16:00:00,84.72,364.3,98.14,49.11,101.09
4/1/2021 16:00:00,84.8,368.16,98.61,49.75,101.6
4/5/2021 16:00:00,84.67,373.47,98.16,50.5,102.35
4/6/2021 16:00:00,84.97,373.26,99,50.06,102.27
4/7/2021 16:00:00,84.87,373.73,98.43,50.15,102.21
4/8/2021 16:00:00,85.06,375.55,99.09,50.44,102.1
4/9/2021 16:00:00,84.95,378.25,98.85,50.56,102.51
4/12/2021 16:00:00,84.93,378.42,98.76,50.29,102.56
4/13/2021 16:00:00,85.15,379.45,99.33,50.63,102.12
4/14/2021 16:00:00,85.09,378.23,99.26,50.68,102.53
4/15/2021 16:00:00,85.45,382.29,100.42,51.07,102.95
4/16/2021 16:00:00,85.22,383.63,99.55,51.37,103.58
4/19/2021 16:00:00,85.17,381.74,99.18,51.22,103.16
4/20/2021 16:00:00,85.31,378.94,99.54,50.37,102.48
4/21/2021 16:00:00,85.4,382.5,99.84,50.83,103.47
4/22/2021 16:00:00,85.44,378.99,100.08,50.62,102.41
4/23/2021 16:00:00,85.45,383.03,100.11,51.2,103.22
4/26/2021 16:00:00,85.39,383.86,100.01,51.28,102.98
4/27/2021 16:00:00,85.17,383.74,99.23,51.12,103.14
4/28/2021 16:00:00,85.21,383.56,99.32,51.26,103.22
4/29/2021 16:00:00,85.14,386.12,99.02,51.31,104.35
4/30/2021 16:00:00,85.26,383.57,99.37,50.61,103.67
5/3/2021 16:00:00,85.15,384.44,99.27,51.14,104.76
5/4/2021 16:00:00,85.26,382.1,99.56,50.52,105.08
5/5/2021 16:00:00,85.31,382.17,99.79,51.12,105.73
5/6/2021 16:00:00,85.35,385.28,99.96,51.54,106.83
5/7/2021 16:00:00,85.36,388.03,99.78,52.14,107.43
5/10/2021 16:00:00,85.16,384.23,98.89,51.87,107.51
5/11/2021 16:00:00,84.99,380.86,98.27,51.25,106.3
5/12/2021 16:00:00,84.69,372.73,97.54,50.35,104.67
5/13/2021 16:00:00,84.86,377.16,97.85,50.7,106.24
5/14/2021 16:00:00,85.06,382.95,98.59,51.51,107.42
5/17/2021 16:00:00,84.98,382.03,98.38,51.43,107.48
5/18/2021 16:00:00,84.89,378.73,98.05,51.61,106.4
5/19/2021 16:00:00,84.8,377.73,97.79,51.15,105.8
5/20/2021 16:00:00,85.08,381.76,98.66,51.86,106.38
5/21/2021 16:00:00,85.1,381.47,98.95,51.85,106.67
5/24/2021 16:00:00,85.2,385.32,99.24,52.17,107.06
5/25/2021 16:00:00,85.42,384.51,99.96,52.17,106.21
5/26/2021 16:00:00,85.39,385.21,99.85,52.17,106.4
5/27/2021 16:00:00,85.27,385.38,99.47,52.27,106.66
5/28/2021 16:00:00,85.26,386.13,99.45,52.42,106.81
6/1/2021 16:00:00,85.12,385.83,99.1,52.7,107.08
6/2/2021 16:00:00,85.21,386.48,99.38,52.85,107.33
6/3/2021 16:00:00,85.05,385.01,98.96,52.57,107.49
6/4/2021 16:00:00,85.39,388.5,100.17,53.07,107.95
6/7/2021 16:00:00,85.33,388.17,99.9,53.19,107.64
6/8/2021 16:00:00,85.49,388.23,100.53,53.16,107.45
6/9/2021 16:00:00,85.66,387.62,101.25,52.95,107.08
6/10/2021 16:00:00,85.84,389.41,101.85,53.12,107.26
6/11/2021 16:00:00,85.82,390.09,101.87,53.21,107.33
6/14/2021 16:00:00,85.6,391.07,101.22,53.29,106.86
6/15/2021 16:00:00,85.6,390.25,101.28,53.3,106.99
6/16/2021 16:00:00,85.36,388.11,101.11,52.95,106.23
6/17/2021 16:00:00,85.65,387.97,102.21,52.56,104.74
6/18/2021 16:00:00,85.92,382.82,103.68,51.56,102.67
6/21/2021 16:00:00,85.62,388.18,102.4,51.85,103.78
6/22/2021 16:00:00,85.74,390.24,102.57,51.9,103.92
6/23/2021 16:00:00,85.68,389.82,102.35,51.62,103.5
6/24/2021 16:00:00,85.72,392.05,102.53,52.05,104.34
6/25/2021 16:00:00,85.56,393.5,101.92,52.22,104.96
6/28/2021 16:00:00,85.79,394.32,102.6,51.88,104.55
6/29/2021 16:00:00,85.83,393.16,102.83,51.87,104.23
6/30/2021 16:00:00,85.89,393.52,103.03,51.52,104.77
7/1/2021 16:00:00,85.75,395.74,102.99,51.67,105.41
7/2/2021 16:00:00,85.9,398.75,103.36,51.86,105.6
7/6/2021 16:00:00,86.21,398,104.21,51.55,104.38
7/7/2021 16:00:00,86.39,399.37,104.89,51.73,104.67
7/8/2021 16:00:00,86.47,396.19,105.16,50.98,103.75
7/9/2021 16:00:00,86.2,400.37,104.14,51.86,105.25
7/12/2021 16:00:00,86.17,401.82,104.05,52.05,105.64
7/13/2021 16:00:00,85.9,400.46,103.27,51.76,104.89
7/14/2021 16:00:00,86.19,401.01,104.41,51.89,104.87
7/15/2021 16:00:00,86.4,399.72,105.04,51.47,104.93
7/16/2021 16:00:00,86.32,396.61,104.9,51.07,104.09
7/19/2021 16:00:00,86.81,390.68,106.34,50.07,102.33
7/20/2021 16:00:00,86.72,396.2,105.87,50.52,103.66
7/21/2021 16:00:00,86.44,399.53,104.92,51.25,104.67
7/22/2021 16:00:00,86.63,400.38,105.65,51.32,104.16
7/23/2021 16:00:00,86.53,404.38,105.29,51.63,104.82
7/26/2021 16:00:00,86.48,405.41,104.99,51.69,105.28
7/27/2021 16:00:00,86.7,403.61,105.8,51.5,105.21
7/28/2021 16:00:00,86.78,403.39,105.98,51.73,105.05
7/29/2021 16:00:00,86.63,405.13,105.55,52.12,105.83
7/30/2021 16:00:00,86.76,403.15,105.86,51.78,105.35
8/2/2021 16:00:00,86.83,402.33,106.08,52.03,105.15
8/3/2021 16:00:00,86.85,405.58,106.26,52.4,106.25
8/4/2021 16:00:00,86.85,403.64,106.46,52.25,105.14
8/5/2021 16:00:00,86.65,406.16,105.86,52.52,105.82
8/6/2021 16:00:00,86.24,406.86,104.5,52.31,106.48
8/9/2021 16:00:00,86.08,406.47,103.85,52.25,106.37
8/10/2021 16:00:00,85.95,406.98,103.5,52.36,107.31
8/11/2021 16:00:00,86.01,407.96,103.61,52.69,108.05
8/12/2021 16:00:00,86.02,409.15,103.75,52.57,108.17
8/13/2021 16:00:00,86.36,409.96,104.88,52.84,108.2
8/16/2021 16:00:00,86.44,410.94,105.12,52.54,108.36
8/17/2021 16:00:00,86.35,408.23,104.98,51.96,107.85
8/18/2021 16:00:00,86.33,403.84,105.04,51.83,106.5
8/19/2021 16:00:00,86.52,404.41,105.59,51.26,106.14
8/20/2021 16:00:00,86.5,407.61,105.76,51.43,106.78
8/23/2021 16:00:00,86.52,411.22,105.77,51.97,107.37
8/24/2021 16:00:00,86.35,411.87,105.17,52.22,107.39
8/25/2021 16:00:00,86.21,412.63,104.63,52.26,107.76
8/26/2021 16:00:00,86.22,410.22,104.7,51.93,107.1
8/27/2021 16:00:00,86.47,413.86,105.41,52.47,107.94
8/30/2021 16:00:00,86.57,415.76,105.7,52.46,107.67
8/31/2021 16:00:00,86.46,415.05,105.23,52.46,107.55
9/1/2021 16:00:00,86.34,415.49,105.05,52.92,107.15
9/2/2021 16:00:00,86.46,416.73,105.37,53.17,107.93
9/3/2021 16:00:00,86.28,416.57,104.73,53.43,107.58
9/7/2021 16:00:00,86.03,415.03,103.87,53.3,106.56
9/8/2021 16:00:00,86.17,414.63,104.5,52.91,106.55
9/9/2021 16:00:00,86.48,412.77,105.65,52.85,105.99
9/10/2021 16:00:00,86.27,409.58,105.01,52.7,105.45
9/13/2021 16:00:00,86.4,410.54,105.46,53.1,106.19
9/14/2021 16:00:00,86.61,408.41,106.31,52.87,105.12
9/15/2021 16:00:00,86.53,411.82,106,53.08,106.05
9/16/2021 16:00:00,86.37,411.11,105.77,52.93,105.55
9/17/2021 16:00:00,86.26,407.08,105.34,52.27,104.86
9/20/2021 16:00:00,86.5,400.43,106.03,51.08,102.5
9/21/2021 16:00:00,86.48,400.04,106.11,51.52,102.3
9/22/2021 16:00:00,86.57,403.9,106.66,51.8,103.21
9/23/2021 16:00:00,86.11,408.78,105.01,52.43,104.61
9/24/2021 16:00:00,85.93,409.46,104.37,51.95,104.84
9/27/2021 16:00:00,85.83,408.3,104.15,51.95,105.52
9/28/2021 16:00:00,85.46,400.14,102.41,50.8,104.4
9/29/2021 16:00:00,85.47,399.46,102.51,50.64,104.91
9/30/2021 16:00:00,85.45,394.4,102.33,50.49,103.35
10/1/2021 16:00:00,85.61,399.12,102.96,50.64,104.61
10/4/2021 16:00:00,85.55,394.21,102.74,50.17,104.33
10/5/2021 16:00:00,85.34,398.04,101.96,50.46,105.06
10/6/2021 16:00:00,85.38,399.81,102.26,50.09,105.22
10/7/2021 16:00:00,85.14,403.25,101.46,50.51,105.97
10/8/2021 16:00:00,84.93,402.49,100.67,50.52,105.96
10/11/2021 16:00:00,84.8,399.56,100.51,50.37,105.22
10/12/2021 16:00:00,85.11,398.76,101.76,50.35,104.82
10/13/2021 16:00:00,85.34,400.04,102.79,50.91,104.94
10/14/2021 16:00:00,85.49,406.76,103.21,51.46,106.56
10/15/2021 16:00:00,85.28,409.93,102.82,51.87,107.22
10/18/2021 16:00:00,85.23,411.18,102.96,51.68,106.85
10/19/2021 16:00:00,84.99,414.38,101.86,52.04,107.85
10/20/2021 16:00:00,84.89,415.99,101.27,52.22,108.77
10/21/2021 16:00:00,84.77,417.01,101.16,51.96,108.39
10/22/2021 16:00:00,84.95,416.59,102.04,52.2,108.67
10/25/2021 16:00:00,84.99,418.75,101.95,52.16,108.9
10/26/2021 16:00:00,85.16,419.15,102.78,52.26,108.96
10/27/2021 16:00:00,85.47,417.33,104.11,51.98,107.56
10/28/2021 16:00:00,85.36,421.41,103.78,52.51,108.54
10/29/2021 16:00:00,85.38,422.16,103.85,52.12,108.44
11/1/2021 16:00:00,85.18,423.05,103.29,52.61,108.92
11/2/2021 16:00:00,85.34,424.69,103.7,52.49,109.38
11/3/2021 16:00:00,85.19,427.25,102.92,52.85,109.99
11/4/2021 16:00:00,85.58,429.25,103.78,52.81,109.67
11/5/2021 16:00:00,85.84,430.71,105.12,52.92,110.34
11/8/2021 16:00:00,85.65,431.23,104.86,52.95,110.33
11/9/2021 16:00:00,85.89,429.72,105.7,52.82,110.25
11/10/2021 16:00:00,85.31,426.26,104.17,52.15,110.23
11/11/2021 16:00:00,85.17,426.4,103.88,52.33,110.35
11/12/2021 16:00:00,85.18,429.57,103.53,52.69,110.52
11/15/2021 16:00:00,84.83,429.77,102.26,52.6,110.71
11/16/2021 16:00:00,84.77,431.41,101.99,52.48,110.69
11/17/2021 16:00:00,84.95,430.37,102.68,52.35,110.19
11/18/2021 16:00:00,85.05,431.86,103.02,52.39,109.85
11/19/2021 16:00:00,85.23,431.05,103.9,51.99,108.86
11/22/2021 16:00:00,84.81,429.91,102.77,51.71,109.67
11/23/2021 16:00:00,84.47,430.47,101.5,51.62,110.7
11/24/2021 16:00:00,84.67,431.53,102.62,51.35,110.51
11/26/2021 13:00:00,85.27,422.14,104.17,49.95,108.22
11/29/2021 16:00:00,85.26,427.24,104.01,50.19,108.48
11/30/2021 16:00:00,85.42,419.06,104.74,49.7,105.93
12/1/2021 16:00:00,85.34,414.24,104.95,49.44,105.37
12/2/2021 16:00:00,85.35,420.56,105.22,50.13,107.29
12/3/2021 16:00:00,85.68,416.84,106.41,49.88,107.38
12/6/2021 16:00:00,85.45,421.82,105.43,50.36,108.67
12/7/2021 16:00:00,85.26,430.49,105.07,51.44,109.74
12/8/2021 16:00:00,85,431.7,103.77,51.51,109.44
12/9/2021 16:00:00,85.04,428.76,103.85,51.06,109.3
12/10/2021 16:00:00,85.07,432.85,103.91,51.13,110.08
12/13/2021 16:00:00,85.36,429.01,104.82,50.61,109.62
12/14/2021 16:00:00,85.22,426.09,104.45,50.35,109.77
12/15/2021 16:00:00,85.11,432.75,104.27,50.97,110.92
12/16/2021 16:00:00,85.22,428.84,103.89,50.98,111.71
12/17/2021 16:00:00,85.37,424.39,104.61,50.39,109.93
12/20/2021 16:00:00,85.23,419.8,104.18,49.38,108.11
12/21/2021 16:00:00,85.14,425.69,103.75,50,109.2
12/22/2021 16:00:00,85.23,429.99,104.29,50.51,109.85
12/23/2021 16:00:00,84.83,432.64,103.39,50.82,110.46
12/27/2021 16:00:00,84.87,438.81,103.51,51.21,111.69
12/28/2021 16:00:00,84.86,438.48,103.33,51.21,111.94
12/29/2021 16:00:00,84.58,439.01,102.49,51.2,112.16
12/30/2021 16:00:00,84.77,437.77,102.89,51.08,111.97
12/31/2021 16:00:00,84.75,436.57,102.92,51.06,112.11
1/3/2022 16:00:00,84.18,439.25,101.14,51.37,112.64
1/4/2022 16:00:00,84.17,439.07,100.81,51.56,114.02
1/5/2022 16:00:00,83.88,430.66,100.32,51.11,113.59
1/6/2022 16:00:00,83.79,430.08,100.26,50.83,114.02
1/7/2022 16:00:00,83.56,428.59,99.6,51.04,114.55
1/10/2022 16:00:00,83.49,428.03,99.71,50.57,114.44
1/11/2022 16:00:00,83.66,431.78,100.17,51.17,115
1/12/2022 16:00:00,83.63,433.07,100.08,51.72,115.01
1/13/2022 16:00:00,83.77,427.1,100.58,51.35,114.85
1/14/2022 16:00:00,83.31,427.23,99.22,51.23,114.65
1/18/2022 16:00:00,82.79,419.74,97.84,50.48,113.12
1/19/2022 16:00:00,82.99,415.33,98.44,50.47,112.2
1/20/2022 16:00:00,83.08,410.76,98.47,50.15,111.08
1/21/2022 16:00:00,83.39,402.69,99.68,49.46,109.85
1/24/2022 16:00:00,83.26,404.37,98.92,48.91,110.08
1/25/2022 16:00:00,83.15,399.46,98.55,48.65,110.16
1/26/2022 16:00:00,82.69,398.56,97.77,48.42,109.66
1/27/2022 16:00:00,82.96,396.54,98.6,48.1,109.53
1/28/2022 16:00:00,83.06,406.26,98.73,48.32,110.73
1/31/2022 16:00:00,83,413.69,98.53,49.09,111.52
2/1/2022 16:00:00,82.83,416.39,98.18,49.58,112.48
2/2/2022 16:00:00,82.95,420.36,98.32,49.98,113.42
2/3/2022 16:00:00,82.6,410.59,97.52,49.18,112.36
2/4/2022 16:00:00,82.09,412.52,96.22,49.31,112.18
2/7/2022 16:00:00,82.16,411.16,96.27,49.4,112.33
2/8/2022 16:00:00,81.89,414.49,95.65,49.64,113.01
2/9/2022 16:00:00,81.95,420.57,95.87,50.43,113.65
2/10/2022 16:00:00,81.2,413.18,94.49,49.84,112.18
2/11/2022 16:00:00,81.73,404.94,95.23,49.15,111.39
2/14/2022 16:00:00,81.27,403.62,94.42,48.86,110.55
2/15/2022 16:00:00,81.1,410.1,93.59,49.67,111.55
2/16/2022 16:00:00,81.21,410.59,93.75,49.88,111.72
2/17/2022 16:00:00,81.39,401.86,94.11,49.12,110.46
2/18/2022 16:00:00,81.53,399.29,94.7,48.86,110.22
2/22/2022 16:00:00,81.48,394.92,94.77,48.35,109.19
2/23/2022 16:00:00,81.07,387.81,93.57,47.9,107.97
2/24/2022 16:00:00,81.25,393.77,93.85,47.28,107.24
2/25/2022 16:00:00,81.32,402.37,94.25,48.47,110.47
2/28/2022 16:00:00,81.92,401.36,95.72,47.79,109.88
3/1/2022 16:00:00,82.22,395.34,96.24,46.85,108.23
3/2/2022 16:00:00,81.21,402.6,93.73,47.42,110.47
3/3/2022 16:00:00,81.57,400.58,94.29,46.67,110.76
3/4/2022 16:00:00,81.86,397.34,95.27,45.47,110.66
3/7/2022 16:00:00,81.46,385.61,94.2,44.13,108.79
3/8/2022 16:00:00,81.08,382.7,93.38,44.4,107.82
3/9/2022 16:00:00,80.86,392.9,92.87,46.1,109.16
3/10/2022 16:00:00,80.43,391.15,91.59,45.58,109
3/11/2022 16:00:00,80.37,386.16,91.65,45.15,108.38
3/14/2022 16:00:00,79.63,383.34,89.82,45.44,108.53
3/15/2022 16:00:00,79.76,391.75,90.35,45.84,109.75
3/16/2022 16:00:00,79.88,400.51,91.23,47.39,110.82
3/17/2022 16:00:00,79.95,405.41,91.63,47.82,112.01
3/18/2022 16:00:00,80.18,409.89,92.41,48.23,112.19
3/21/2022 16:00:00,79.36,409.91,90.48,47.89,111.86
3/22/2022 16:00:00,79.16,414.67,89.67,48.33,112.5
3/23/2022 16:00:00,79.52,409.33,90.76,47.72,111.38
3/24/2022 16:00:00,79.42,414.02,90.61,48.1,112.48
3/25/2022 16:00:00,78.72,416.12,89.51,48.17,113.64
3/28/2022 16:00:00,78.95,418.99,90.43,48.02,113.38
3/29/2022 16:00:00,79.3,424.29,91.17,48.96,114.15
3/30/2022 16:00:00,79.48,421.65,91.5,48.78,113.82
3/31/2022 16:00:00,79.54,415.17,91.69,48.03,112.25
4/1/2022 16:00:00,79.17,416.32,91.91,48.45,112.73
4/4/2022 16:00:00,79.23,419.85,91.64,48.66,112.58
4/5/2022 16:00:00,78.43,414.66,89.65,48.08,111.92
4/6/2022 16:00:00,78.19,410.46,88.92,47.46,112.22
4/7/2022 16:00:00,78.03,412.53,88.24,47.51,112.76
4/8/2022 16:00:00,77.61,411.53,87.09,47.5,113.4
4/11/2022 16:00:00,77.25,404.4,85.85,47,112.48
4/12/2022 16:00:00,77.5,402.92,85.71,46.69,112.28
4/13/2022 16:00:00,77.59,407.47,86.14,47.24,112.82
4/14/2022 16:00:00,77.06,402.52,84.77,47.01,112.36
4/18/2022 16:00:00,76.81,402.59,83.89,46.81,112.46
4/19/2022 16:00:00,76.33,409.02,83.29,47.02,113.63
4/20/2022 16:00:00,76.81,408.71,84.61,47.37,114.57
4/21/2022 16:00:00,76.4,402.65,83.67,46.81,113.45
4/22/2022 16:00:00,76.3,391.66,83.4,45.95,110.68
4/25/2022 16:00:00,76.78,393.8,84.47,45.68,110.69
4/26/2022 16:00:00,76.98,382.54,84.75,44.44,108.89
4/27/2022 16:00:00,76.74,383.53,83.73,44.64,109.05
4/28/2022 16:00:00,76.71,393.14,83.91,45.34,110.74
4/29/2022 16:00:00,76.19,378.7,82.65,44.77,107.53
5/2/2022 16:00:00,75.66,381.08,81.44,44.62,107.89
5/3/2022 16:00:00,75.84,382.73,82.11,44.98,108.77
5/4/2022 16:00:00,76.33,394.34,82.94,45.75,111.85
5/5/2022 16:00:00,75.57,380.49,80.78,44.29,109.41
5/6/2022 16:00:00,75.25,378.1,79.7,43.89,109.52
5/9/2022 16:00:00,75.59,365.9,80.03,42.53,107.4
5/10/2022 16:00:00,75.81,366.84,80.65,42.74,106.94
5/11/2022 16:00:00,76.07,360.93,81.69,42.52,106.4
5/12/2022 16:00:00,76.22,360.65,81.71,42.36,106.72
5/13/2022 16:00:00,75.94,369.16,80.76,43.55,108.07
5/16/2022 16:00:00,76.06,367.84,80.8,43.61,108.54
5/17/2022 16:00:00,75.61,375.2,80.13,44.45,110.26
5/18/2022 16:00:00,75.93,360.34,81.15,43.39,106.63
5/19/2022 16:00:00,76.09,357.93,81.38,43.84,105.48
5/20/2022 16:00:00,76.32,358.02,82.12,44.09,105.81
5/23/2022 16:00:00,76.05,364.81,81.34,44.85,107.62
5/24/2022 16:00:00,76.67,362.18,82.95,44.69,108.27
5/25/2022 16:00:00,76.98,365.2,83.5,44.67,109.16
5/26/2022 16:00:00,76.9,372.46,83.32,45.16,110.55
5/27/2022 16:00:00,77.12,381.8,83.72,45.72,112.14
5/31/2022 16:00:00,76.68,379.68,82.6,45.51,111.31
6/1/2022 16:00:00,76.19,376.5,82.14,45.1,110.53
6/2/2022 16:00:00,76.26,383.65,82.07,46.05,111.48
6/3/2022 16:00:00,76.15,377.44,81.82,45.34,110.73
6/6/2022 16:00:00,75.7,378.47,80.69,45.51,110.89
6/7/2022 16:00:00,75.96,382.17,81.43,45.62,112.08
6/8/2022 16:00:00,75.65,377.99,80.71,45.05,110.7
6/9/2022 16:00:00,75.55,369.1,80.51,44.11,108.46
6/10/2022 16:00:00,74.91,358.27,79.84,43.09,106.23
6/13/2022 16:00:00,73.7,344.46,77.45,41.62,102.95
6/14/2022 16:00:00,73.3,343.6,76.82,41.24,102.11
6/15/2022 16:00:00,74.14,348.52,78.07,41.97,102.54
6/16/2022 16:00:00,74.3,337.07,78.64,40.96,99.86
6/17/2022 16:00:00,74.34,337.95,78.78,40.82,99.2
6/21/2022 16:00:00,74,346.23,77.48,40.91,100.78
6/22/2022 16:00:00,74.61,345.5,78.86,40.53,100.48
6/23/2022 16:00:00,74.97,349.13,79.53,40.38,100.63
6/24/2022 16:00:00,74.83,360,79.18,41.58,103.31
6/27/2022 16:00:00,74.47,358.65,78.32,41.5,103.51
6/28/2022 16:00:00,74.51,350.9,78.42,41.28,102.57
6/29/2022 16:00:00,74.94,349.64,79.25,41.03,102.09
6/30/2022 16:00:00,75.26,346.88,79.72,40.8,101.7
7/1/2022 16:00:00,75.71,350.44,80.49,40.89,102.73
7/5/2022 16:00:00,75.84,351.06,80.74,40.01,101.55
7/6/2022 16:00:00,75.38,352.33,79.95,40.01,101.56
7/7/2022 16:00:00,75.17,357.5,79.53,40.66,102.7
7/8/2022 16:00:00,74.92,357.29,79.01,40.76,102.51
7/11/2022 16:00:00,75.2,353.25,79.89,40.08,102.05
7/12/2022 16:00:00,75.33,349.99,80.2,40.04,101.49
7/13/2022 16:00:00,75.57,348.36,81.07,39.99,100.89
7/14/2022 16:00:00,75.33,347.44,80.29,39.4,100.15
7/15/2022 16:00:00,75.6,354.01,80.89,40,101.95
7/18/2022 16:00:00,75.37,351.08,80.24,40.25,101.3
7/19/2022 16:00:00,75.31,360.61,80.21,41.29,103.42
7/20/2022 16:00:00,75.24,362.92,80.44,41.09,103.29
7/21/2022 16:00:00,75.86,366.59,81.59,41.55,103.48
7/22/2022 16:00:00,76.48,363.25,82.69,41.41,103.29
7/25/2022 16:00:00,76.2,363.61,81.82,41.75,104.04
7/26/2022 16:00:00,76.22,359.25,81.96,41.18,103.55
7/27/2022 16:00:00,76.43,368.66,82.03,42.12,104.78
7/28/2022 16:00:00,76.96,373.32,82.68,42.39,105.61
7/29/2022 16:00:00,76.9,378.79,83.01,42.96,106.38
8/1/2022 16:00:00,77.08,377.65,83.52,42.96,106.23
8/2/2022 16:00:00,76.3,375.21,82.17,42.29,105.33
8/3/2022 16:00:00,76.68,381.07,83.41,42.59,106.03
8/4/2022 16:00:00,76.87,380.77,83.43,42.8,105.31
8/5/2022 16:00:00,76,379.98,81.9,42.5,105.6
8/8/2022 16:00:00,76.34,379.64,82.51,42.63,105.72
8/9/2022 16:00:00,76.17,378.14,82.23,42.37,105.89
8/10/2022 16:00:00,76.38,386.06,82.53,43.38,107.46
8/11/2022 16:00:00,75.95,386.06,80.95,43.38,108.01
8/12/2022 16:00:00,76.3,392.67,82.07,43.74,109.45
8/15/2022 16:00:00,76.38,394.35,81.95,43.43,109.67
8/16/2022 16:00:00,76.28,395.04,81.89,43.47,110.26
8/17/2022 16:00:00,75.83,392.34,80.89,43.1,109.76
8/18/2022 16:00:00,75.97,393.55,81.12,42.96,110.28
8/19/2022 16:00:00,75.49,388.12,79.87,42.32,109.5
8/22/2022 16:00:00,75.15,379.94,79.32,41.64,107.76
8/23/2022 16:00:00,75.12,379.04,79.32,41.72,107.6
8/24/2022 16:00:00,74.93,380.19,78.86,41.77,107.76
8/25/2022 16:00:00,75.34,385.73,79.97,42.26,109.07
8/26/2022 16:00:00,75.19,372.51,79.93,41.14,106.24
8/29/2022 16:00:00,74.85,370.05,79.11,41.04,105.81
8/30/2022 16:00:00,74.91,366.03,79.24,40.7,104.59
8/31/2022 16:00:00,74.6,363.15,78.39,40.46,103.77
9/1/2022 16:00:00,74.04,364.27,77.16,39.92,104.23
9/2/2022 16:00:00,74.23,360.45,77.31,39.67,103.45
9/6/2022 16:00:00,73.56,359.24,75.76,39.5,103.04
9/7/2022 16:00:00,74.09,365.68,76.98,39.84,104.52
9/8/2022 16:00:00,73.86,368.07,76.61,39.9,105.26
9/9/2022 16:00:00,73.83,373.75,76.8,40.93,106.5
9/12/2022 16:00:00,73.74,377.86,76.37,41.45,107.35
9/13/2022 16:00:00,73.37,361.38,76.02,40.03,103.65
9/14/2022 16:00:00,73.46,362.73,76.44,40.21,104.14
9/15/2022 16:00:00,73.24,358.68,76.12,39.82,103.39
9/16/2022 16:00:00,73.16,355.86,75.75,39.56,102.95
9/19/2022 16:00:00,73.11,358.59,75.93,39.59,102.85
9/20/2022 16:00:00,72.75,354.55,75.04,38.93,101.58
9/21/2022 16:00:00,72.95,348.31,75.69,38.43,100.13
9/22/2022 16:00:00,72.2,345.37,74.2,38.25,99.65
9/23/2022 16:00:00,72,339.63,74.31,37,97.76
9/26/2022 16:00:00,71.08,336.34,72.71,36.41,96.36
9/27/2022 16:00:00,70.77,335.39,70.98,36.19,95.9
9/28/2022 16:00:00,71.87,340.48,72.88,37,97.78
9/29/2022 16:00:00,71.5,333.38,72.37,36.54,96.27
9/30/2022 16:00:00,71.33,328.3,71.95,36.36,94.88
10/3/2022 16:00:00,71.77,336.98,72.91,37.17,97.48
10/4/2022 16:00:00,71.95,347.21,73.12,38.65,100.35
10/5/2022 16:00:00,71.57,346.61,72.28,38.19,100.1
10/6/2022 16:00:00,71.3,342.96,72.18,37.55,98.84
10/7/2022 16:00:00,70.93,333.33,71.25,36.96,96.96
10/10/2022 16:00:00,70.61,330.84,70.11,36.71,96.58
10/11/2022 16:00:00,70.63,328.66,70.41,36.28,96.45
10/12/2022 16:00:00,70.71,327.64,70.38,36.19,96.14
10/13/2022 16:00:00,70.46,336.22,70.32,36.94,99.02
10/14/2022 16:00:00,70.12,328.65,69.47,36.31,97.45
10/17/2022 16:00:00,70.27,337,69.71,37.27,99.16
10/18/2022 16:00:00,70.43,340.97,69.85,37.52,100.4
10/19/2022 16:00:00,69.85,338.61,68.71,37.09,99.86
10/20/2022 16:00:00,69.38,335.83,67.71,36.99,98.9
10/21/2022 16:00:00,69.5,343.9,67.15,37.68,101.39
10/24/2022 16:00:00,69.4,348.09,66.85,37.62,102.64
10/25/2022 16:00:00,70.06,353.75,68.45,38.46,103.66
10/26/2022 16:00:00,70.34,351.11,69.06,38.85,104.33
10/27/2022 16:00:00,70.71,349.23,69.65,38.59,104.66
10/28/2022 16:00:00,70.57,357.38,69.49,38.89,106.81
10/31/2022 16:00:00,70.35,354.95,69,38.57,106.48
11/1/2022 16:00:00,70.26,353.52,69.48,38.9,106.78
11/2/2022 16:00:00,70.15,344.5,69.11,38.31,105.19
11/3/2022 16:00:00,69.88,340.83,68.8,38,105.02
11/4/2022 16:00:00,69.9,345.82,68.29,39.45,106.63
11/7/2022 16:00:00,69.63,349.14,67.77,39.62,107.54
11/8/2022 16:00:00,69.94,351.04,68.27,40.1,108.15
11/9/2022 16:00:00,70.04,343.87,68.16,39.54,106.3
11/10/2022 16:00:00,71.49,362.69,71.04,41.74,110.02
11/11/2022 16:00:00,71.49,366.16,71.19,42.52,110.28
11/14/2022 16:00:00,71.26,363.22,70.81,42.03,109.71
11/15/2022 16:00:00,71.76,366.22,72.01,42.29,110.21
11/16/2022 16:00:00,72.17,363.44,73.24,42.13,109.53
11/17/2022 16:00:00,71.87,362.39,72.79,42.08,109.61
11/18/2022 16:00:00,71.75,363.99,72.55,42.15,110.39
11/21/2022 16:00:00,71.75,362.71,72.56,41.81,110.68
11/22/2022 16:00:00,72.12,367.54,73.56,42.43,112.08
11/23/2022 16:00:00,72.56,369.84,74.65,42.92,112.13
11/25/2022 13:05:00,72.56,369.8,74.67,43.1,112.49
11/28/2022 16:00:00,72.47,363.95,74.46,42.5,110.96
11/29/2022 16:00:00,72.2,363.31,73.83,42.61,111.2
11/30/2022 16:00:00,72.76,374.49,74.63,43.41,113.15
12/1/2022 16:00:00,73.2,374.54,76.13,43.78,113.05
12/2/2022 16:00:00,73.5,374,76.9,43.74,113
12/5/2022 16:00:00,72.92,367.34,76.03,43.08,111.02
12/6/2022 16:00:00,73.16,362.03,76.73,42.79,109.9
12/7/2022 16:00:00,73.8,361.33,78.06,42.79,109.88
12/8/2022 16:00:00,73.59,364.18,77.91,43.03,110.46
12/9/2022 16:00:00,73.16,361.52,76.6,43.06,109.5
12/12/2022 16:00:00,73.16,366.68,76.56,43.17,111.12
12/13/2022 16:00:00,73.66,369.39,77.32,43.73,111.52
12/14/2022 16:00:00,73.84,367.16,77.63,43.71,111.02
12/15/2022 16:00:00,73.88,358.13,77.82,42.57,109.01
12/16/2022 16:00:00,73.69,353.86,77.12,42.24,107.99
12/19/2022 16:00:00,73.25,350.81,75.92,41.66,106.64
12/20/2022 16:00:00,72.77,349.67,74.6,41.86,106.94
12/21/2022 16:00:00,72.94,354.9,75.09,42.28,108.37
12/22/2022 16:00:00,72.93,349.91,75.14,41.91,107.46
12/23/2022 16:00:00,72.53,351.87,74.19,42.12,108.29
12/27/2022 16:00:00,71.97,350.47,72.79,42.2,108.61
12/28/2022 16:00:00,71.87,346.17,72.44,41.72,107.45
12/29/2022 16:00:00,72.14,352.31,73.14,42.38,108.48
12/30/2022 16:00:00,71.84,351.34,72.44,41.97,108.21